test_accuracy,test_precision,test_recall,test_f1_macro,test_roc_auc,test_pr_auc,test_fpr,minority_recall,method,n_qubits,total_full_trainings,total_shots,episodes_to_convergence,wall_time_total_sec,status,dataset,protocol,seed,run_wall_time_sec,stage1_full_trainings,stage2_full_trainings,rl_budget,wall_time_stage1_sec,wall_time_stage2_sec,wall_time_final_sec,selected_features_idx,best_hyperparams,circuit_depth,low_fidelity_evals,full_fidelity_evals,total_circuit_evals,best_val_f1_macro,wall_time_search_sec,note
0.913,0.9118661069848667,0.9118021127572491,0.9118340047123205,0.9796974981264772,0.9756007000038984,0.07775119617224881,0.9222488038277512,1_xgboost_default,0.0,1,0.0,0.0,0.58,ok,UNSW-NB15,A,42,0.58,,,,,,,,,,,,,,,
0.909,0.9075013518561221,0.9082910589727331,0.9078785648267762,0.9767097697008128,0.9716535562371853,0.08552631578947369,0.9144736842105263,2_sho_xgboost,0.0,61,0.0,0.0,4.33,ok,UNSW-NB15,A,42,4.34,,,,,,,,,,,,,,,
0.8703333333333333,0.86930617921699,0.8740668415287947,0.8697368874885014,0.9486454340087622,0.9268235996519185,0.15849282296650719,0.8415071770334929,3_qrl_sho_xgboost_reproduction,8.0,142,2138103808.0,39.0,49.89,ok,UNSW-NB15,A,42,49.9,60.0,81.0,80.0,42.18,4.91,2.8,"[9, 13, 19, 24, 26, 31, 35, 38]","{'n_estimators': 90, 'max_depth': 4}",,,,,,,
0.8996666666666666,0.898099168239977,0.8987559088026749,0.8984150383542291,0.9737731578226783,0.9681924162582316,0.09330143540669857,0.9066985645933014,4_classical_actor_critic,0.0,61,0.0,33.0,5.84,ok,UNSW-NB15,A,42,5.84,,,60.0,,,,,"{'n_estimators': 200.0, 'max_depth': 5.0, 'learning_rate': 0.18, 'min_child_weight': 6.0, 'gamma': 0.25, 'subsample': 0.9, 'colsample_bytree': 0.9, 'reg_alpha': 0.0, 'reg_lambda': 1.0}",0.0,51.0,9.0,0.0,0.9108092043049489,,
0.9,0.8988124324938377,0.8984352481697124,0.8986201070121093,0.9748308425087912,0.9698003503680087,0.08791866028708134,0.9120813397129187,5_vqc_actor_critic_ordinary_grad,4.0,61,1966080.0,60.0,7.71,ok,UNSW-NB15,A,42,7.71,,,60.0,,,,,"{'n_estimators': 125.0, 'max_depth': 6.0, 'learning_rate': 0.12000000000000001, 'min_child_weight': 3.0, 'gamma': 0.0, 'subsample': 0.9, 'colsample_bytree': 0.9, 'reg_alpha': 0.0, 'reg_lambda': 1.0}",11.0,51.0,9.0,3900.0,0.9070559331205905,,
0.9113333333333333,0.9104189859965104,0.9097646567129763,0.9100813054301427,0.9768185331037067,0.9721227204162107,0.07655502392344497,0.9234449760765551,6_qnac_fixed_shots,4.0,61,1966080.0,60.0,10.53,ok,UNSW-NB15,A,42,10.53,,,60.0,,,,,"{'n_estimators': 175.0, 'max_depth': 10.0, 'learning_rate': 0.1, 'min_child_weight': 1.0, 'gamma': 0.0, 'subsample': 0.9, 'colsample_bytree': 0.9, 'reg_alpha': 0.0, 'reg_lambda': 1.0}",11.0,51.0,9.0,3900.0,0.9004515295838742,,
0.9126666666666666,0.9117722416589832,0.911115754885571,0.911433466250742,0.979030505995273,0.9746551388412555,0.07535885167464115,0.9246411483253588,7_sf_qnac_ids,4.0,61,153600.0,60.0,8.91,ok,UNSW-NB15,A,42,8.91,,,60.0,,,,,"{'n_estimators': 200.0, 'max_depth': 10.0, 'learning_rate': 0.08, 'min_child_weight': 6.0, 'gamma': 0.0, 'subsample': 0.9, 'colsample_bytree': 0.9, 'reg_alpha': 0.0, 'reg_lambda': 1.0}",11.0,51.0,9.0,3900.0,0.91923607244261,,
0.7053333333333334,0.7491978609625668,0.7266602294344844,0.702194329205079,0.7593378898368595,0.6436572756272017,0.45933014354066987,0.5406698564593302,bench_logreg,,1,,,2.47,ok,UNSW-NB15,A,42,2.47,,,,,,,,,,,,,,,
0.9113333333333333,0.9099655256794104,0.9104618233700352,0.9102069695594875,0.9789744354211103,0.9727196550492445,0.0819377990430622,0.9180622009569378,bench_random_forest,,1,,,1.19,ok,UNSW-NB15,A,42,1.19,,,,,,,,,,,,,,,
0.9153333333333333,0.9135345488961705,0.9155995993543552,0.9144314022829073,0.9790748670519398,0.9751548221273528,0.0867224880382775,0.9132775119617225,bench_lightgbm,,1,,,0.3,ok,UNSW-NB15,A,42,0.3,,,,,,,,,,,,,,,
0.915,0.9138422944587864,0.9139062229780366,0.9138741533632255,0.9797222682596414,0.9754358552492927,0.07655502392344497,0.9234449760765551,bench_optuna_xgboost,,26,,,8.54,ok,UNSW-NB15,A,42,8.54,,,,,,,,"{'n_estimators': 228, 'max_depth': 8, 'learning_rate': 0.04503148242859669, 'min_child_weight': 4, 'gamma': 3.8522152485563588, 'subsample': 0.5017588334048383, 'colsample_bytree': 0.6941353372836316}",,,,,,8.04,
0.726,0.7233236494974875,0.7254478440076093,0.7238615841073271,0.81885106214331,0.668320402155735,0.26973684210526316,0.7302631578947368,bench_quantum_kernel_classifier,3.0,1,0.0,,1.8,ok,UNSW-NB15,A,42,1.8,,,,,,,,,,,,,,,"analytic (shot-free) quantum feature map, classical simulate-only deployment"
0.9096666666666666,0.9084387364860392,0.9085018302876577,0.9084701786722906,0.9772371483541822,0.972154994960793,0.08133971291866028,0.9186602870813397,1_xgboost_default,0.0,1,0.0,0.0,0.41,ok,UNSW-NB15,A,43,0.41,,,,,,,,,,,,,,,
0.9,0.8988124324938377,0.8984352481697124,0.8986201070121093,0.9719964637257162,0.9648340434047944,0.08791866028708134,0.9120813397129187,2_sho_xgboost,0.0,61,0.0,0.0,3.79,ok,UNSW-NB15,A,43,3.79,,,,,,,,,,,,,,,
0.8446666666666667,0.862430782181844,0.8583220441574912,0.8446002937254534,0.90772967768202,0.8510928819741388,0.2607655502392344,0.7392344497607656,3_qrl_sho_xgboost_reproduction,8.0,142,2138103808.0,22.0,49.65,ok,UNSW-NB15,A,43,49.65,60.0,81.0,80.0,37.97,8.83,2.85,"[9, 10, 13, 16, 19, 25, 31, 33]","{'n_estimators': 180, 'max_depth': 4}",,,,,,,
0.9093333333333333,0.9081750704141596,0.908047861301666,0.9081110468989506,0.9768613178791721,0.971699485997085,0.08074162679425838,0.9192583732057417,4_classical_actor_critic,0.0,61,0.0,60.0,5.31,ok,UNSW-NB15,A,43,5.31,,,60.0,,,,,"{'n_estimators': 175.0, 'max_depth': 5.0, 'learning_rate': 0.12000000000000001, 'min_child_weight': 1.0, 'gamma': 0.0, 'subsample': 0.9, 'colsample_bytree': 0.9, 'reg_alpha': 0.0, 'reg_lambda': 1.0}",0.0,51.0,9.0,0.0,0.9061933616735847,,
0.9043333333333333,0.9029892335553666,0.9031749005591745,0.9030811307741724,0.9769680546348072,0.9714408686643491,0.0867224880382775,0.9132775119617225,5_vqc_actor_critic_ordinary_grad,4.0,61,1966080.0,60.0,9.51,ok,UNSW-NB15,A,43,9.51,,,60.0,,,,,"{'n_estimators': 225.0, 'max_depth': 5.0, 'learning_rate': 0.08, 'min_child_weight': 1.0, 'gamma': 0.0, 'subsample': 0.9, 'colsample_bytree': 0.9, 'reg_alpha': 0.0, 'reg_lambda': 1.0}",11.0,51.0,9.0,3900.0,0.8870209161921722,,
0.906,0.9044114475500344,0.9053672825272381,0.9048627504606173,0.9767563825877672,0.9712193836224546,0.08911483253588516,0.9108851674641149,6_qnac_fixed_shots,4.0,61,1966080.0,60.0,8.86,ok,UNSW-NB15,A,43,8.86,,,60.0,,,,,"{'n_estimators': 175.0, 'max_depth': 5.0, 'learning_rate': 0.08, 'min_child_weight': 2.0, 'gamma': 0.0, 'subsample': 0.9, 'colsample_bytree': 0.9, 'reg_alpha': 0.0, 'reg_lambda': 1.0}",11.0,51.0,9.0,3900.0,0.8850971997424251,,
0.901,0.9000702473238523,0.899099988470629,0.8995617125641083,0.9726420634691877,0.9661071019652689,0.08433014354066985,0.9156698564593302,7_sf_qnac_ids,4.0,61,153600.0,60.0,8.73,ok,UNSW-NB15,A,43,8.73,,,60.0,,,,,"{'n_estimators': 250.0, 'max_depth': 9.0, 'learning_rate': 0.01, 'min_child_weight': 2.0, 'gamma': 0.5, 'subsample': 0.9, 'colsample_bytree': 0.9, 'reg_alpha': 0.0, 'reg_lambda': 1.0}",11.0,51.0,9.0,3900.0,0.8881648106297421,,
0.7176666666666667,0.7687032767255997,0.7404360264022598,0.7139711420408502,0.7788995395457426,0.6684137391323717,0.458133971291866,0.5418660287081339,bench_logreg,,1,,,2.24,ok,UNSW-NB15,A,43,2.24,,,,,,,,,,,,,,,
0.9126666666666666,0.9106753384200628,0.913826958551911,0.9118769272717815,0.9759110454977806,0.9684375434644945,0.09629186602870814,0.9037081339712919,bench_random_forest,,1,,,1.11,ok,UNSW-NB15,A,43,1.11,,,,,,,,,,,,,,,
0.9116666666666666,0.9098262593675437,0.9119228108606676,0.9107318405825628,0.9779937633308352,0.9731164953116138,0.090311004784689,0.909688995215311,bench_lightgbm,,1,,,0.3,ok,UNSW-NB15,A,43,0.3,,,,,,,,,,,,,,,
0.9103333333333333,0.9087736834420872,0.9097970830691187,0.9092551942967733,0.9784792579408542,0.9732789631539157,0.08552631578947369,0.9144736842105263,bench_optuna_xgboost,,26,,,12.4,ok,UNSW-NB15,A,43,12.4,,,,,,,,"{'n_estimators': 393, 'max_depth': 9, 'learning_rate': 0.06009712171554235, 'min_child_weight': 1, 'gamma': 1.149405835392925, 'subsample': 0.8182747769806777, 'colsample_bytree': 0.7100761687421444}",,,,,,11.62,
0.7113333333333334,0.7307870370370371,0.6885862829307661,0.6872809281328722,0.8237708609557848,0.7727699622901261,0.11303827751196172,0.8869617224880383,bench_quantum_kernel_classifier,3.0,1,0.0,,1.9,ok,UNSW-NB15,A,43,1.9,,,,,,,,,,,,,,,"analytic (shot-free) quantum feature map, classical simulate-only deployment"
0.902,0.9010010179843909,0.9002295065429181,0.9006002751636828,0.9763456487432984,0.9720248125215494,0.08433014354066985,0.9156698564593302,1_xgboost_default,0.0,1,0.0,0.0,0.43,ok,UNSW-NB15,A,44,0.43,,,,,,,,,,,,,,,
0.866,0.8637735889502605,0.8668483743586788,0.8648561423891821,0.9539647075142675,0.9417831029940764,0.14055023923444976,0.8594497607655502,2_sho_xgboost,0.0,61,0.0,0.0,3.98,ok,UNSW-NB15,A,44,3.98,,,,,,,,,,,,,,,
0.8356666666666667,0.8590059874557758,0.8510225110970197,0.8354494416462444,0.8720296106675506,0.7823849477485663,0.28289473684210525,0.7171052631578947,3_qrl_sho_xgboost_reproduction,8.0,142,2138103808.0,11.0,50.38,ok,UNSW-NB15,A,44,50.39,60.0,81.0,80.0,42.22,5.37,2.79,"[5, 11, 13, 14, 28, 31, 37, 41]","{'n_estimators': 60, 'max_depth': 4}",,,,,,,
0.8973333333333333,0.8962630587182061,0.8955006629388367,0.8958669549333819,0.9737301478641841,0.9690483725782718,0.08851674641148326,0.9114832535885168,4_classical_actor_critic,0.0,61,0.0,60.0,4.91,ok,UNSW-NB15,A,44,4.91,,,60.0,,,,,"{'n_estimators': 200.0, 'max_depth': 4.0, 'learning_rate': 0.18, 'min_child_weight': 2.0, 'gamma': 1.0, 'subsample': 0.9, 'colsample_bytree': 0.9, 'reg_alpha': 0.0, 'reg_lambda': 1.0}",0.0,51.0,9.0,0.0,0.8925993901137932,,
0.9066666666666666,0.9057389772505757,0.9049583501469995,0.9053335953939835,0.9759567576526201,0.9717450296403719,0.08014354066985646,0.9198564593301436,5_vqc_actor_critic_ordinary_grad,4.0,61,1966080.0,60.0,6.16,ok,UNSW-NB15,A,44,6.16,,,60.0,,,,,"{'n_estimators': 100.0, 'max_depth': 5.0, 'learning_rate': 0.12000000000000001, 'min_child_weight': 5.0, 'gamma': 0.5, 'subsample': 0.9, 'colsample_bytree': 0.9, 'reg_alpha': 0.0, 'reg_lambda': 1.0}",11.0,51.0,9.0,3900.0,0.9016482783203339,,
0.8973333333333333,0.8956500172532782,0.8965851444053727,0.8960912309995395,0.9743712439470802,0.9696955882233078,0.09688995215311005,0.90311004784689,6_qnac_fixed_shots,4.0,61,1966080.0,60.0,7.69,ok,UNSW-NB15,A,44,7.69,,,60.0,,,,,"{'n_estimators': 150.0, 'max_depth': 8.0, 'learning_rate': 0.14, 'min_child_weight': 2.0, 'gamma': 0.5, 'subsample': 0.9, 'colsample_bytree': 0.9, 'reg_alpha': 0.0, 'reg_lambda': 1.0}",11.0,51.0,9.0,3900.0,0.8992904935779106,,
0.8966666666666666,0.8951613628959829,0.8955222805095981,0.8953381119175454,0.9725047018216405,0.9678816932401895,0.09449760765550239,0.9055023923444976,7_sf_qnac_ids,4.0,61,153600.0,60.0,7.94,ok,UNSW-NB15,A,44,7.94,,,60.0,,,,,"{'n_estimators': 150.0, 'max_depth': 8.0, 'learning_rate': 0.16, 'min_child_weight': 4.0, 'gamma': 0.25, 'subsample': 0.9, 'colsample_bytree': 0.9, 'reg_alpha': 0.0, 'reg_lambda': 1.0}",11.0,51.0,9.0,3900.0,0.899039961564708,,
0.708,0.7626838235294118,0.7316863146365367,0.7035391202015754,0.7607993276935493,0.649900705023122,0.4748803827751196,0.5251196172248804,bench_logreg,,1,,,2.36,ok,UNSW-NB15,A,44,2.36,,,,,,,,,,,,,,,
0.9086666666666666,0.9070711553422655,0.9081469418343229,0.907575274429474,0.9756498331844123,0.9706737388493273,0.08732057416267942,0.9126794258373205,bench_random_forest,,1,,,1.17,ok,UNSW-NB15,A,44,1.17,,,,,,,,,,,,,,,
0.9033333333333333,0.9017156228433403,0.9026650861820488,0.9021638213956702,0.9754818466449531,0.9709630643716917,0.09150717703349283,0.9084928229665071,bench_lightgbm,,1,,,0.34,ok,UNSW-NB15,A,44,0.34,,,,,,,,,,,,,,,
0.9063333333333333,0.9061561714626685,0.9037297515420534,0.904814156698029,0.976295207744855,0.9719034120274737,0.0735645933014354,0.9264354066985646,bench_optuna_xgboost,,26,,,9.59,ok,UNSW-NB15,A,44,9.59,,,,,,,,"{'n_estimators': 366, 'max_depth': 9, 'learning_rate': 0.08926164761035005, 'min_child_weight': 8, 'gamma': 4.596548316965778, 'subsample': 0.8995544203181707, 'colsample_bytree': 0.9399799525116795}",,,,,,9.22,
0.732,0.7285065406976745,0.726570156222978,0.7273447447621253,0.7989941974837147,0.6742718081668011,0.22607655502392343,0.7739234449760766,bench_quantum_kernel_classifier,3.0,1,0.0,,1.86,ok,UNSW-NB15,A,44,1.86,,,,,,,,,,,,,,,"analytic (shot-free) quantum feature map, classical simulate-only deployment"
0.997,0.9961936614110527,0.9942760686364098,0.9952314268047857,0.9997983438814996,0.9991155548133385,0.0012437810945273632,0.9987562189054726,1_xgboost_default,0.0,1,0.0,0.0,0.65,ok,CIC-IDS-2017,A,42,0.65,,,,,,,,,,,,,,,
0.9913333333333333,0.9900044691969196,0.9823924594713507,0.9861434430772642,0.9987322458004761,0.9961876070257326,0.002902155887230514,0.9970978441127695,2_sho_xgboost,0.0,61,0.0,0.0,4.27,ok,CIC-IDS-2017,A,42,4.27,,,,,,,,,,,,,,,
0.9426666666666667,0.9240727136362659,0.8891088773817984,0.9051994082679344,0.9681940354914769,0.9181577690945916,0.022802653399668325,0.9771973466003316,3_qrl_sho_xgboost_reproduction,8.0,142,2138103808.0,80.0,47.39,ok,CIC-IDS-2017,A,42,47.4,60.0,81.0,80.0,40.43,4.39,2.57,"[17, 22, 38, 51, 54, 66, 69, 70]","{'n_estimators': 60, 'max_depth': 4}",,,,,,,
0.995,0.9917571487220077,0.9923892442549159,0.9920728187347831,0.9996908174546767,0.9987008758372871,0.003316749585406302,0.9966832504145937,4_classical_actor_critic,0.0,61,0.0,15.0,5.73,ok,CIC-IDS-2017,A,42,5.73,,,60.0,,,,,"{'n_estimators': 200.0, 'max_depth': 5.0, 'learning_rate': 0.19999999999999998, 'min_child_weight': 6.0, 'gamma': 0.25, 'subsample': 0.9, 'colsample_bytree': 0.9, 'reg_alpha': 0.0, 'reg_lambda': 1.0}",0.0,51.0,9.0,0.0,0.9936709572650775,,
0.9956666666666667,0.9940701810267027,0.9921607946661252,0.9931120609402461,0.9996608510734311,0.998688777703455,0.0020729684908789387,0.9979270315091211,5_vqc_actor_critic_ordinary_grad,4.0,61,1966080.0,33.0,7.54,ok,CIC-IDS-2017,A,42,7.54,,,60.0,,,,,"{'n_estimators': 125.0, 'max_depth': 6.0, 'learning_rate': 0.12000000000000001, 'min_child_weight': 1.0, 'gamma': 0.0, 'subsample': 0.9, 'colsample_bytree': 0.9, 'reg_alpha': 0.0, 'reg_lambda': 1.0}",11.0,51.0,9.0,3900.0,0.9931391443706005,,
0.9956666666666667,0.9928134279853444,0.9934468812400582,0.9931297762368121,0.9996488645209328,0.9986521024877038,0.002902155887230514,0.9970978441127695,6_qnac_fixed_shots,4.0,61,1966080.0,23.0,8.37,ok,CIC-IDS-2017,A,42,8.37,,,60.0,,,,,"{'n_estimators': 250.0, 'max_depth': 10.0, 'learning_rate': 0.12000000000000001, 'min_child_weight': 4.0, 'gamma': 0.0, 'subsample': 0.9, 'colsample_bytree': 0.9, 'reg_alpha': 0.0, 'reg_lambda': 1.0}",11.0,51.0,9.0,3900.0,0.9936709572650775,,
0.9876666666666667,0.9850449890736198,0.9756108911226182,0.9802423568625503,0.9974814137927144,0.9925952923856053,0.004560530679933665,0.9954394693200663,7_sf_qnac_ids,4.0,61,153600.0,24.0,7.92,ok,CIC-IDS-2017,A,42,7.92,,,60.0,,,,,"{'n_estimators': 175.0, 'max_depth': 10.0, 'learning_rate': 0.08, 'min_child_weight': 3.0, 'gamma': 0.0, 'subsample': 0.9, 'colsample_bytree': 0.9, 'reg_alpha': 0.0, 'reg_lambda': 1.0}",11.0,51.0,9.0,3900.0,0.9857138701188792,,
0.7363333333333333,0.6891644770402025,0.791015162283819,0.6887489636442263,0.8917339323789216,0.747138185659689,0.29892205638474295,0.701077943615257,bench_logreg,,1,,,2.68,ok,CIC-IDS-2017,A,42,2.68,,,,,,,,,,,,,,,
0.996,0.9962097463664862,0.99108200494128,0.9936212918443255,0.999436279486919,0.9967894547817658,0.0008291873963515755,0.9991708126036484,bench_random_forest,,1,,,0.89,ok,CIC-IDS-2017,A,42,0.89,,,,,,,,,,,,,,,
0.9973333333333333,0.9964046475197299,0.9951264087724643,0.9957640012114957,0.9998395917239201,0.9993691512741064,0.0012437810945273632,0.9987562189054726,bench_lightgbm,,1,,,0.57,ok,CIC-IDS-2017,A,42,0.57,,,,,,,,,,,,,,,
0.995,0.9917571487220077,0.9923892442549159,0.9920728187347831,0.9997274822034949,0.9988616998716989,0.003316749585406302,0.9966832504145937,bench_optuna_xgboost,,26,,,9.43,ok,CIC-IDS-2017,A,42,9.43,,,,,,,,"{'n_estimators': 290, 'max_depth': 6, 'learning_rate': 0.19512888520298532, 'min_child_weight': 9, 'gamma': 0.7584405895444397, 'subsample': 0.6987358434516172, 'colsample_bytree': 0.666522323552023}",,,,,,8.91,
0.8436666666666667,0.7671206961785849,0.677712627339493,0.70546213869656,0.6430806568066696,0.5183273125785495,0.04933665008291874,0.9506633499170812,bench_quantum_kernel_classifier,3.0,1,0.0,,3.46,ok,CIC-IDS-2017,A,42,3.46,,,,,,,,,,,,,,,"analytic (shot-free) quantum feature map, classical simulate-only deployment"
0.997,0.9954509127131208,0.9947836201842197,0.9951168616395301,0.9998622797651021,0.9993626535936961,0.0016454134101192926,0.9983545865898807,1_xgboost_default,0.0,1,0.0,0.0,0.57,ok,CIC-IDS-2017,A,43,0.57,,,,,,,,,,,,,,,
0.9943333333333333,0.9930905677893612,0.9884268011529461,0.9907387886226563,0.9996078045804088,0.9980465663446538,0.0020567667626491155,0.9979432332373509,2_sho_xgboost,0.0,61,0.0,0.0,3.71,ok,CIC-IDS-2017,A,43,3.71,,,,,,,,,,,,,,,
0.9226666666666666,0.8797917114293298,0.8558006535947713,0.8670842563593308,0.9248299410343848,0.8378723395364767,0.03839869281045752,0.9616013071895425,3_qrl_sho_xgboost_reproduction,8.0,142,2138103808.0,31.0,54.75,ok,CIC-IDS-2017,A,43,54.76,60.0,81.0,80.0,41.77,10.1,2.89,"[9, 10, 16, 20, 32, 46, 63, 67]","{'n_estimators': 120, 'max_depth': 5}",,,,,,,
0.997,0.9981684981684982,0.9918478260869565,0.9949729797662437,0.9997598601638723,0.999117758002673,0.0,1.0,4_classical_actor_critic,0.0,61,0.0,60.0,5.08,ok,CIC-IDS-2017,A,43,5.08,,,60.0,,,,,"{'n_estimators': 200.0, 'max_depth': 2.0, 'learning_rate': 0.14, 'min_child_weight': 1.0, 'gamma': 0.0, 'subsample': 0.9, 'colsample_bytree': 0.9, 'reg_alpha': 0.0, 'reg_lambda': 1.0}",0.0,51.0,9.0,0.0,0.993882321370956,,
0.996,0.9947190435931936,0.9919366297243535,0.9933209647495362,0.9997080580420573,0.9989865689398142,0.0016339869281045752,0.9983660130718954,5_vqc_actor_critic_ordinary_grad,4.0,61,1966080.0,6.0,8.48,ok,CIC-IDS-2017,A,43,8.48,,,60.0,,,,,"{'n_estimators': 275.0, 'max_depth': 7.0, 'learning_rate': 0.019999999999999993, 'min_child_weight': 1.0, 'gamma': 0.25, 'subsample': 0.9, 'colsample_bytree': 0.9, 'reg_alpha': 0.0, 'reg_lambda': 1.0}",11.0,51.0,9.0,3900.0,0.992241147513858,,
0.996,0.9975609756097561,0.9891304347826086,0.993283000617964,0.9996828970114615,0.9989368778262551,0.0,1.0,6_qnac_fixed_shots,4.0,61,1966080.0,60.0,9.7,ok,CIC-IDS-2017,A,43,9.7,,,60.0,,,,,"{'n_estimators': 250.0, 'max_depth': 9.0, 'learning_rate': 0.01, 'min_child_weight': 3.0, 'gamma': 0.25, 'subsample': 0.9, 'colsample_bytree': 0.9, 'reg_alpha': 0.0, 'reg_lambda': 1.0}",11.0,51.0,9.0,3900.0,0.9927700161656753,,
0.9956666666666667,0.9973587972368956,0.9882246376811594,0.9927180645586522,0.9994727284029554,0.9985384109509129,0.0,1.0,7_sf_qnac_ids,4.0,61,153600.0,60.0,7.33,ok,CIC-IDS-2017,A,43,7.33,,,60.0,,,,,"{'n_estimators': 175.0, 'max_depth': 9.0, 'learning_rate': 0.01, 'min_child_weight': 1.0, 'gamma': 0.25, 'subsample': 0.9, 'colsample_bytree': 0.9, 'reg_alpha': 0.0, 'reg_lambda': 1.0}",11.0,51.0,9.0,3900.0,0.9893881911312978,,
0.7283333333333334,0.6739061398702688,0.7788167803353225,0.6726833578965843,0.8760878445581132,0.7182171983658764,0.30106209150326796,0.698937908496732,bench_logreg,,1,,,3.07,ok,CIC-IDS-2017,A,43,3.07,,,,,,,,,,,,,,,
0.998,0.9973654916512059,0.9959683148621767,0.9966651820551222,0.9999674386662878,0.9998584802507419,0.0008169934640522876,0.9991830065359477,bench_random_forest,,1,,,0.95,ok,CIC-IDS-2017,A,43,0.95,,,,,,,,,,,,,,,
0.9996666666666667,0.999795835034708,0.9990942028985508,0.9994445875145865,0.9999985199393768,0.999993459948726,0.0,1.0,bench_lightgbm,,1,,,0.49,ok,CIC-IDS-2017,A,43,0.49,,,,,,,,,,,,,,,
0.9986666666666667,0.9977799090650753,0.9977799090650753,0.9977799090650753,0.9999937097423511,0.9999706400268664,0.0008169934640522876,0.9991830065359477,bench_optuna_xgboost,,26,,,13.25,ok,CIC-IDS-2017,A,43,13.25,,,,,,,,"{'n_estimators': 313, 'max_depth': 9, 'learning_rate': 0.04690230649670237, 'min_child_weight': 2, 'gamma': 0.3644946631554581, 'subsample': 0.9969180232993495, 'colsample_bytree': 0.5751209070706814}",,,,,,12.58,
0.8203333333333334,0.6916324837468527,0.6471742682580278,0.6632371841130423,0.4993706042199489,0.43182485997918596,0.07883986928104575,0.9211601307189542,bench_quantum_kernel_classifier,3.0,1,0.0,,3.13,ok,CIC-IDS-2017,A,43,3.13,,,,,,,,,,,,,,,"analytic (shot-free) quantum feature map, classical simulate-only deployment"
0.9966666666666667,0.9958441558441558,0.9930690643532062,0.9944497726626882,0.9995590679249404,0.9981598310416168,0.0012264922322158627,0.9987735077677842,1_xgboost_default,0.0,1,0.0,0.0,0.6,ok,CIC-IDS-2017,A,44,0.6,,,,,,,,,,,,,,,
0.9903333333333333,0.9876427031123164,0.9801097201354307,0.98382476005333,0.9982344267956821,0.9926678683659904,0.003679476696647588,0.9963205233033524,2_sho_xgboost,0.0,61,0.0,0.0,3.8,ok,CIC-IDS-2017,A,44,3.8,,,,,,,,,,,,,,,
0.8986666666666666,0.8367037411526794,0.8184806255553161,0.8271122822316165,0.9195577543532356,0.7865019145759874,0.05437448896156991,0.9456255110384301,3_qrl_sho_xgboost_reproduction,8.0,142,2138103808.0,25.0,48.39,ok,CIC-IDS-2017,A,44,48.39,60.0,81.0,80.0,39.24,6.66,2.49,"[18, 21, 29, 39, 42, 46, 62, 67]","{'n_estimators': 80, 'max_depth': 5}",,,,,,,
0.9943333333333333,0.9909277404298432,0.9902419333414016,0.9905844143256475,0.9987834702498147,0.9960054736655034,0.003270645952575634,0.9967293540474244,4_classical_actor_critic,0.0,61,0.0,13.0,4.12,ok,CIC-IDS-2017,A,44,4.12,,,60.0,,,,,"{'n_estimators': 175.0, 'max_depth': 4.0, 'learning_rate': 0.16, 'min_child_weight': 3.0, 'gamma': 1.0, 'subsample': 0.9, 'colsample_bytree': 0.9, 'reg_alpha': 0.0, 'reg_lambda': 1.0}",0.0,51.0,9.0,0.0,0.9938994878201355,,
0.9943333333333333,0.9916062632327429,0.9895438216376253,0.9905712265262827,0.9988487798542378,0.9966082365208244,0.0028618152085036794,0.9971381847914963,5_vqc_actor_critic_ordinary_grad,4.0,61,1966080.0,60.0,5.67,ok,CIC-IDS-2017,A,44,5.67,,,60.0,,,,,"{'n_estimators': 150.0, 'max_depth': 5.0, 'learning_rate': 0.12000000000000001, 'min_child_weight': 5.0, 'gamma': 0.25, 'subsample': 0.9, 'colsample_bytree': 0.9, 'reg_alpha': 0.0, 'reg_lambda': 1.0}",11.0,51.0,9.0,3900.0,0.992219341457091,,
0.996,0.9933583453129105,0.9933583453129105,0.9933583453129105,0.9986318191344595,0.9961866253074776,0.0024529844644317253,0.9975470155355682,6_qnac_fixed_shots,4.0,61,1966080.0,60.0,6.71,ok,CIC-IDS-2017,A,44,6.71,,,60.0,,,,,"{'n_estimators': 250.0, 'max_depth': 4.0, 'learning_rate': 0.12000000000000001, 'min_child_weight': 3.0, 'gamma': 0.75, 'subsample': 0.9, 'colsample_bytree': 0.9, 'reg_alpha': 0.0, 'reg_lambda': 1.0}",11.0,51.0,9.0,3900.0,0.9938909211771344,,
0.994,0.9920785653897906,0.9879431828580368,0.9899955461653669,0.9987410374559805,0.9956131897789564,0.0024529844644317253,0.9975470155355682,7_sf_qnac_ids,4.0,61,153600.0,6.0,7.03,ok,CIC-IDS-2017,A,44,7.03,,,60.0,,,,,"{'n_estimators': 225.0, 'max_depth': 5.0, 'learning_rate': 0.1, 'min_child_weight': 2.0, 'gamma': 0.75, 'subsample': 0.9, 'colsample_bytree': 0.9, 'reg_alpha': 0.0, 'reg_lambda': 1.0}",11.0,51.0,9.0,3900.0,0.9922083750602723,,
0.8686666666666667,0.7834472993116802,0.8698944124497079,0.8126901622718052,0.9118659802639542,0.773285134428866,0.13205233033524122,0.8679476696647588,bench_logreg,,1,,,2.65,ok,CIC-IDS-2017,A,44,2.65,,,,,,,,,,,,,,,
0.9943333333333333,0.9909277404298432,0.9902419333414016,0.9905844143256475,0.9992631453105489,0.9947136425790224,0.003270645952575634,0.9967293540474244,bench_random_forest,,1,,,0.96,ok,CIC-IDS-2017,A,44,0.96,,,,,,,,,,,,,,,
0.997,0.9960526871592464,0.9939715914290184,0.9950082963962673,0.9993572354186161,0.9969243335459915,0.0012264922322158627,0.9987735077677842,bench_lightgbm,,1,,,0.44,ok,CIC-IDS-2017,A,44,0.44,,,,,,,,,,,,,,,
0.9963333333333333,0.9942532133305646,0.9935627606849464,0.993907562210713,0.9995741961383944,0.9982743869818612,0.002044153720359771,0.9979558462796402,bench_optuna_xgboost,,26,,,12.34,ok,CIC-IDS-2017,A,44,12.34,,,,,,,,"{'n_estimators': 399, 'max_depth': 8, 'learning_rate': 0.05009407223359841, 'min_child_weight': 6, 'gamma': 0.08364404210240556, 'subsample': 0.8705022632245322, 'colsample_bytree': 0.7743998498341194}",,,,,,11.64,
0.802,0.663361100526876,0.6468041833568989,0.6540179351510789,0.48278483105106396,0.4176626590224836,0.107113654946852,0.892886345053148,bench_quantum_kernel_classifier,3.0,1,0.0,,2.72,ok,CIC-IDS-2017,A,44,2.72,,,,,,,,,,,,,,,"analytic (shot-free) quantum feature map, classical simulate-only deployment"
0.6784979423868313,0.8304854895579061,0.569262577532736,0.5196132234071323,0.8074539738417069,0.7557092722519659,0.0,1.0,1_xgboost_default,0.0,1,0.0,0.0,0.4,ok,CIC-IDS-2017,B,42,0.4,,,,,,,,,,,,,,,
0.6676954732510288,0.817796010060313,0.555208059077732,0.49537739488234533,0.6931862818986071,0.7031416238741315,0.0012310217480508822,0.9987689782519491,2_sho_xgboost,0.0,61,0.0,0.0,3.71,ok,CIC-IDS-2017,B,42,3.71,,,,,,,,,,,,,,,
0.6967592592592593,0.7497744584301227,0.6046031955661725,0.5863032077269695,0.6000870453696416,0.5634365352971387,0.03200656544932294,0.9679934345506771,3_qrl_sho_xgboost_reproduction,8.0,142,2155790336.0,80.0,45.49,ok,CIC-IDS-2017,B,42,45.5,60.0,81.0,80.0,38.45,4.2,2.84,"[1, 34, 37, 41, 42, 43, 47, 50]","{'n_estimators': 80, 'max_depth': 2}",,,,,,,
0.650977366255144,0.7006115597708705,0.5386653382679781,0.4745283991341099,0.8151834216748627,0.7024793110817631,0.018465326220763235,0.9815346737792368,4_classical_actor_critic,0.0,61,0.0,24.0,5.04,ok,CIC-IDS-2017,B,42,5.04,,,60.0,,,,,"{'n_estimators': 200.0, 'max_depth': 5.0, 'learning_rate': 0.18, 'min_child_weight': 6.0, 'gamma': 0.25, 'subsample': 0.9, 'colsample_bytree': 0.9, 'reg_alpha': 0.0, 'reg_lambda': 1.0}",0.0,51.0,9.0,0.0,0.9942125393213128,,
0.7196502057613169,0.8441545044252974,0.6245363872551778,0.6081467079078929,0.8776734000040157,0.8056710509566603,0.0004103405826836274,0.9995896594173164,5_vqc_actor_critic_ordinary_grad,4.0,61,1966080.0,60.0,7.58,ok,CIC-IDS-2017,B,42,7.58,,,60.0,,,,,"{'n_estimators': 125.0, 'max_depth': 6.0, 'learning_rate': 0.12000000000000001, 'min_child_weight': 1.0, 'gamma': 0.0, 'subsample': 0.9, 'colsample_bytree': 0.9, 'reg_alpha': 0.0, 'reg_lambda': 1.0}",11.0,51.0,9.0,3900.0,0.9930961601741464,,
0.7458847736625515,0.8517677629089473,0.6601028198684026,0.6585893224907007,0.8219613940494112,0.7466188176622544,0.0016413623307345096,0.9983586376692655,6_qnac_fixed_shots,4.0,61,1966080.0,60.0,10.95,ok,CIC-IDS-2017,B,42,10.95,,,60.0,,,,,"{'n_estimators': 250.0, 'max_depth': 10.0, 'learning_rate': 0.14, 'min_child_weight': 4.0, 'gamma': 0.0, 'subsample': 0.9, 'colsample_bytree': 0.9, 'reg_alpha': 0.0, 'reg_lambda': 1.0}",11.0,51.0,9.0,3900.0,0.9723873756397516,,
0.7445987654320988,0.848263902671377,0.6587981291184295,0.6569813792039124,0.8601616702303987,0.7859857590254805,0.002872384078785392,0.9971276159212146,7_sf_qnac_ids,4.0,61,153600.0,60.0,9.89,ok,CIC-IDS-2017,B,42,9.9,,,60.0,,,,,"{'n_estimators': 225.0, 'max_depth': 10.0, 'learning_rate': 0.1, 'min_child_weight': 5.0, 'gamma': 0.25, 'subsample': 0.9, 'colsample_bytree': 0.9, 'reg_alpha': 0.0, 'reg_lambda': 1.0}",11.0,51.0,9.0,3900.0,0.9698612679078213,,
0.738940329218107,0.732095567867036,0.6895575533068049,0.6976364921474993,0.6626398049595499,0.6556728885353977,0.11571604431678292,0.884283955683217,bench_logreg,,1,,,2.33,ok,CIC-IDS-2017,B,42,2.33,,,,,,,,,,,,,,,
0.7463991769547325,0.8539660781871781,0.6605131604510862,0.6590420081967213,0.8041711077810019,0.765917035738047,0.0008206811653672548,0.9991793188346327,bench_random_forest,,1,,,1.02,ok,CIC-IDS-2017,B,42,1.02,,,,,,,,,,,,,,,
0.75,0.8564597651771119,0.6651979999360875,0.6652849873098066,0.8032661526710174,0.7657945678502391,0.0004103405826836274,0.9995896594173164,bench_lightgbm,,1,,,0.63,ok,CIC-IDS-2017,B,42,0.63,,,,,,,,,,,,,,,
0.690843621399177,0.8348447375652652,0.585802894555479,0.5475568291832862,0.8190259459113987,0.7665488011194789,0.0,1.0,bench_optuna_xgboost,,26,,,12.71,ok,CIC-IDS-2017,B,42,12.71,,,,,,,,"{'n_estimators': 395, 'max_depth': 6, 'learning_rate': 0.1882470280517162, 'min_child_weight': 9, 'gamma': 0.68438705694962, 'subsample': 0.8580652214200577, 'colsample_bytree': 0.6492948575670912}",,,,,,11.91,
0.6751543209876543,0.6561975780752072,0.6039598290426678,0.5998114187802935,0.43992780720610103,0.5215560142970821,0.1153057037340993,0.8846942962659007,bench_quantum_kernel_classifier,3.0,1,0.0,,4.28,ok,CIC-IDS-2017,B,42,4.28,,,,,,,,,,,,,,,"analytic (shot-free) quantum feature map, classical simulate-only deployment"
0.6782407407407407,0.8256878047052829,0.5677094484148426,0.5177343303427347,0.791698950931316,0.740144851824913,0.000819000819000819,0.9991809991809992,1_xgboost_default,0.0,1,0.0,0.0,0.66,ok,CIC-IDS-2017,B,43,0.66,,,,,,,,,,,,,,,
0.7443415637860082,0.8371454997537566,0.6589728166491652,0.6581823842409148,0.9195522852161857,0.8602462287776197,0.007780507780507781,0.9922194922194922,2_sho_xgboost,0.0,61,0.0,0.0,5.66,ok,CIC-IDS-2017,B,43,5.66,,,,,,,,,,,,,,,
0.7430555555555556,0.8447449842170196,0.6559746279663292,0.6536965004829296,0.7965822291548433,0.7485284186664729,0.004095004095004095,0.9959049959049959,3_qrl_sho_xgboost_reproduction,8.0,142,2155823104.0,14.0,58.44,ok,CIC-IDS-2017,B,43,58.44,60.0,81.0,80.0,42.34,12.86,3.23,"[3, 4, 41, 42, 48, 52, 63, 75]","{'n_estimators': 260, 'max_depth': 4}",,,,,,,
0.7445987654320988,0.8533932793228429,0.656921066672104,0.6545567462775534,0.7081576106472373,0.7289121424520417,0.000819000819000819,0.9991809991809992,4_classical_actor_critic,0.0,61,0.0,26.0,6.46,ok,CIC-IDS-2017,B,43,6.46,,,60.0,,,,,"{'n_estimators': 175.0, 'max_depth': 2.0, 'learning_rate': 0.14, 'min_child_weight': 1.0, 'gamma': 0.0, 'subsample': 0.9, 'colsample_bytree': 0.9, 'reg_alpha': 0.0, 'reg_lambda': 1.0}",0.0,51.0,9.0,0.0,0.9976618294006742,,
0.7474279835390947,0.8497159474349378,0.6614298191061676,0.6608995556363978,0.7783326989758526,0.7564520009189416,0.0028665028665028664,0.9971334971334971,5_vqc_actor_critic_ordinary_grad,4.0,61,1966080.0,60.0,10.04,ok,CIC-IDS-2017,B,43,10.04,,,60.0,,,,,"{'n_estimators': 275.0, 'max_depth': 7.0, 'learning_rate': 0.019999999999999993, 'min_child_weight': 1.0, 'gamma': 0.25, 'subsample': 0.9, 'colsample_bytree': 0.9, 'reg_alpha': 0.0, 'reg_lambda': 1.0}",11.0,51.0,9.0,3900.0,0.9917999206397765,,
0.7433127572016461,0.8468115533354817,0.6560383469097162,0.6536769706695609,0.6721287960914516,0.7181588776263766,0.003276003276003276,0.9967239967239967,6_qnac_fixed_shots,4.0,61,1966080.0,60.0,11.85,ok,CIC-IDS-2017,B,43,11.85,,,60.0,,,,,"{'n_estimators': 250.0, 'max_depth': 9.0, 'learning_rate': 0.01, 'min_child_weight': 3.0, 'gamma': 0.25, 'subsample': 0.9, 'colsample_bytree': 0.9, 'reg_alpha': 0.0, 'reg_lambda': 1.0}",11.0,51.0,9.0,3900.0,0.9953047805479668,,
0.7435699588477366,0.8479150573063644,0.6562430971144664,0.6539017542963668,0.6857434103284726,0.7329824093984021,0.0028665028665028664,0.9971334971334971,7_sf_qnac_ids,4.0,61,153600.0,60.0,12.16,ok,CIC-IDS-2017,B,43,12.16,,,60.0,,,,,"{'n_estimators': 250.0, 'max_depth': 9.0, 'learning_rate': 0.01, 'min_child_weight': 3.0, 'gamma': 0.5, 'subsample': 0.9, 'colsample_bytree': 0.9, 'reg_alpha': 0.0, 'reg_lambda': 1.0}",11.0,51.0,9.0,3900.0,0.9917999206397765,,
0.6993312757201646,0.6763675930179509,0.6579762523745927,0.6625895710278532,0.6225663611555727,0.6296417473670306,0.18058968058968058,0.8194103194103194,bench_logreg,,1,,,3.35,ok,CIC-IDS-2017,B,43,3.35,,,,,,,,,,,,,,,
0.7456275720164609,0.8538273009981345,0.6583041925365577,0.6564359249665592,0.8185166966287297,0.7693124362233874,0.000819000819000819,0.9991809991809992,bench_random_forest,,1,,,1.12,ok,CIC-IDS-2017,B,43,1.12,,,,,,,,,,,,,,,
0.7469135802469136,0.8553768530454399,0.6598920686057616,0.6585352095579639,0.727122208968682,0.7299438559615521,0.0004095004095004095,0.9995904995904996,bench_lightgbm,,1,,,0.75,ok,CIC-IDS-2017,B,43,0.75,,,,,,,,,,,,,,,
0.7451131687242798,0.8536102104883949,0.6576126296043309,0.6554971251996669,0.7615816967476718,0.727781707952877,0.000819000819000819,0.9991809991809992,bench_optuna_xgboost,,26,,,18.42,ok,CIC-IDS-2017,B,43,18.42,,,,,,,,"{'n_estimators': 301, 'max_depth': 10, 'learning_rate': 0.03903340852998187, 'min_child_weight': 1, 'gamma': 0.06664540243126738, 'subsample': 0.99405068717364, 'colsample_bytree': 0.7648333665979604}",,,,,,17.44,
0.6936728395061729,0.6911333825099006,0.6182139325292852,0.6146113207999419,0.5577881257341839,0.6152147102767396,0.08722358722358722,0.9127764127764127,bench_quantum_kernel_classifier,3.0,1,0.0,,4.55,ok,CIC-IDS-2017,B,43,4.55,,,,,,,,,,,,,,,"analytic (shot-free) quantum feature map, classical simulate-only deployment"
0.7231362467866324,0.8430943382614309,0.6290404183154324,0.6150878244868173,0.6910195025438101,0.6856609920172434,0.0012295081967213116,0.9987704918032787,1_xgboost_default,0.0,1,0.0,0.0,0.53,ok,CIC-IDS-2017,B,44,0.53,,,,,,,,,,,,,,,
0.7455012853470437,0.848734300734197,0.6596000565291125,0.6581948041989025,0.6736071226681741,0.7040005473562593,0.0028688524590163933,0.9971311475409836,2_sho_xgboost,0.0,61,0.0,0.0,4.38,ok,CIC-IDS-2017,B,44,4.38,,,,,,,,,,,,,,,
0.7362467866323907,0.8353973168214655,0.6484454494064443,0.6435159332337964,0.6946926229508197,0.6711091461408072,0.006557377049180328,0.9934426229508196,3_qrl_sho_xgboost_reproduction,8.0,142,2155970560.0,22.0,61.39,ok,CIC-IDS-2017,B,44,61.4,60.0,81.0,80.0,49.55,7.59,4.25,"[0, 22, 36, 42, 54, 57, 59, 72]","{'n_estimators': 120, 'max_depth': 6}",,,,,,,
0.7462724935732648,0.8539790346322051,0.6599349915206332,0.6583945845368038,0.752260881854155,0.7556793879411237,0.000819672131147541,0.9991803278688525,4_classical_actor_critic,0.0,61,0.0,60.0,5.22,ok,CIC-IDS-2017,B,44,5.22,,,60.0,,,,,"{'n_estimators': 150.0, 'max_depth': 3.0, 'learning_rate': 0.12000000000000001, 'min_child_weight': 1.0, 'gamma': 1.0, 'subsample': 0.9, 'colsample_bytree': 0.9, 'reg_alpha': 0.0, 'reg_lambda': 1.0}",0.0,51.0,9.0,0.0,0.991833567929333,,
0.6892030848329049,0.8246097774332732,0.5838029960429622,0.5451801138043393,0.7020521481062748,0.6939408208021755,0.0020491803278688526,0.9979508196721312,5_vqc_actor_critic_ordinary_grad,4.0,61,1966080.0,60.0,7.73,ok,CIC-IDS-2017,B,44,7.73,,,60.0,,,,,"{'n_estimators': 125.0, 'max_depth': 5.0, 'learning_rate': 0.12000000000000001, 'min_child_weight': 5.0, 'gamma': 0.25, 'subsample': 0.9, 'colsample_bytree': 0.9, 'reg_alpha': 0.0, 'reg_lambda': 1.0}",11.0,51.0,9.0,3900.0,0.9906481798470843,,
0.6802056555269923,0.8264880952380953,0.5713143018654607,0.5236672178911725,0.8587618711136236,0.8033235973297772,0.000819672131147541,0.9991803278688525,6_qnac_fixed_shots,4.0,61,1966080.0,60.0,8.09,ok,CIC-IDS-2017,B,44,8.09,,,60.0,,,,,"{'n_estimators': 200.0, 'max_depth': 4.0, 'learning_rate': 0.08, 'min_child_weight': 2.0, 'gamma': 0.75, 'subsample': 0.9, 'colsample_bytree': 0.9, 'reg_alpha': 0.0, 'reg_lambda': 1.0}",11.0,51.0,9.0,3900.0,0.9953240899235423,,
0.6565552699228792,0.7893524118244715,0.5405695308083663,0.46997298178238645,0.7979395138496326,0.7107212607074977,0.0036885245901639345,0.9963114754098361,7_sf_qnac_ids,4.0,61,153600.0,60.0,8.93,ok,CIC-IDS-2017,B,44,8.93,,,60.0,,,,,"{'n_estimators': 275.0, 'max_depth': 6.0, 'learning_rate': 0.12000000000000001, 'min_child_weight': 2.0, 'gamma': 0.75, 'subsample': 0.9, 'colsample_bytree': 0.9, 'reg_alpha': 0.0, 'reg_lambda': 1.0}",11.0,51.0,9.0,3900.0,0.9941668342352378,,
0.751413881748072,0.7513758677887954,0.6999901074053138,0.7094067908625481,0.666504239683437,0.641758938425104,0.09795081967213115,0.9020491803278688,bench_logreg,,1,,,3.64,ok,CIC-IDS-2017,B,44,3.64,,,,,,,,,,,,,,,
0.7462724935732648,0.8539790346322051,0.6599349915206332,0.6583945845368038,0.8340293951384963,0.7837120826176402,0.000819672131147541,0.9991803278688525,bench_random_forest,,1,,,1.14,ok,CIC-IDS-2017,B,44,1.14,,,,,,,,,,,,,,,
0.7444730077120822,0.8532196729623527,0.6575211984171848,0.6551227735312218,0.6179602882984737,0.672981157990503,0.000819672131147541,0.9991803278688525,bench_lightgbm,,1,,,0.51,ok,CIC-IDS-2017,B,44,0.51,,,,,,,,,,,,,,,
0.6616966580976864,0.8176470133803035,0.5464867156585642,0.47937616750955164,0.8081584228377614,0.7563863067005283,0.000819672131147541,0.9991803278688525,bench_optuna_xgboost,,26,,,13.67,ok,CIC-IDS-2017,B,44,13.67,,,,,,,,"{'n_estimators': 325, 'max_depth': 4, 'learning_rate': 0.06885937795813624, 'min_child_weight': 7, 'gamma': 0.5647242846994857, 'subsample': 0.8806344119924426, 'colsample_bytree': 0.6820673375553598}",,,,,,12.99,
0.7377892030848329,0.8197197640117995,0.6531726964386659,0.650982979284866,0.8684922272470322,0.8003564059272804,0.014344262295081968,0.985655737704918,bench_quantum_kernel_classifier,3.0,1,0.0,,4.56,ok,CIC-IDS-2017,B,44,4.56,,,,,,,,,,,,,,,"analytic (shot-free) quantum feature map, classical simulate-only deployment"
0.997,0.9589468142099722,0.9778489990815498,0.9681969433728908,0.9995479878245231,0.9999890763390471,0.04225352112676056,0.99795151928986,1_xgboost_default,0.0,1,0.0,0.0,0.29,ok,CICIoT23,A,42,0.29,,,,,,,,,,,,,,,
0.989,0.8666952054794521,0.9119081165037339,0.8879074817793046,0.9961482792281172,0.9999075676049108,0.16901408450704225,0.9928303175145101,2_sho_xgboost,0.0,61,0.0,0.0,3.83,ok,CICIoT23,A,42,3.83,,,,,,,,,,,,,,,
0.979,0.7719005745321534,0.7830990724133122,0.7773786036102359,0.991344447703634,0.9997922601497169,0.4225352112676056,0.9887333560942301,3_qrl_sho_xgboost_reproduction,8.0,142,2138095616.0,24.0,56.0,ok,CICIoT23,A,42,56.01,60.0,81.0,80.0,46.39,5.91,3.7,"[0, 7, 23, 27, 31, 33, 35, 45]","{'n_estimators': 100, 'max_depth': 5}",,,,,,,
0.9943333333333333,0.9222213447059443,0.9627402516842263,0.9415002770133942,0.9991200188498695,0.9999787498365953,0.07042253521126761,0.9959030385797201,4_classical_actor_critic,0.0,61,0.0,22.0,4.77,ok,CICIoT23,A,42,4.77,,,60.0,,,,,"{'n_estimators': 200.0, 'max_depth': 5.0, 'learning_rate': 0.18, 'min_child_weight': 6.0, 'gamma': 0.25, 'subsample': 0.9, 'colsample_bytree': 0.9, 'reg_alpha': 0.0, 'reg_lambda': 1.0}",0.0,51.0,9.0,0.0,0.9322892641543491,,
0.991,0.885958904109589,0.9335469972446492,0.9082879396376128,0.9979707538505186,0.9999510293443072,0.1267605633802817,0.9938545578695801,5_vqc_actor_critic_ordinary_grad,4.0,61,1966080.0,60.0,6.85,ok,CICIoT23,A,42,6.85,,,60.0,,,,,"{'n_estimators': 150.0, 'max_depth': 6.0, 'learning_rate': 0.12000000000000001, 'min_child_weight': 4.0, 'gamma': 0.0, 'subsample': 0.9, 'colsample_bytree': 0.9, 'reg_alpha': 0.0, 'reg_lambda': 1.0}",11.0,51.0,9.0,3900.0,0.9391086810441649,,
0.995,0.9333555331557348,0.9630816651359162,0.947698197679892,0.999043080607235,0.9999769355955687,0.07042253521126761,0.9965858654831,6_qnac_fixed_shots,4.0,61,1966080.0,27.0,6.66,ok,CICIoT23,A,42,6.66,,,60.0,,,,,"{'n_estimators': 150.0, 'max_depth': 10.0, 'learning_rate': 0.1, 'min_child_weight': 8.0, 'gamma': 0.25, 'subsample': 0.9, 'colsample_bytree': 0.9, 'reg_alpha': 0.0, 'reg_lambda': 1.0}",11.0,51.0,9.0,3900.0,0.9382660475967479,,
0.9933333333333333,0.9186324786324787,0.941613491120846,0.9297986156287001,0.9987689881178501,0.9999701711330056,0.11267605633802817,0.9959030385797201,7_sf_qnac_ids,4.0,61,153600.0,60.0,6.5,ok,CICIoT23,A,42,6.5,,,60.0,,,,,"{'n_estimators': 125.0, 'max_depth': 6.0, 'learning_rate': 0.08, 'min_child_weight': 4.0, 'gamma': 0.25, 'subsample': 0.9, 'colsample_bytree': 0.9, 'reg_alpha': 0.0, 'reg_lambda': 1.0}",11.0,51.0,9.0,3900.0,0.8961632757972992,,
0.964,0.6951994691571629,0.9540774864276131,0.7674812477932249,0.9698113570463408,0.9983020946764317,0.056338028169014086,0.9644930010242404,bench_logreg,,1,,,2.49,ok,CICIoT23,A,42,2.49,,,,,,,,,,,,,,,
0.997,0.9645947176684881,0.970977452286268,0.9677631571092387,0.9993748767785957,0.9999846976326807,0.056338028169014086,0.9982929327415501,bench_random_forest,,1,,,0.56,ok,CICIoT23,A,42,0.56,,,,,,,,,,,,,,,
0.996,0.9410452701591943,0.9773368789040147,0.9584341689604847,0.9996153087868281,0.9999907011207378,0.04225352112676056,0.99692727893479,bench_lightgbm,,1,,,0.28,ok,CICIoT23,A,42,0.28,,,,,,,,,,,,,,,
0.9953333333333333,0.9298662240692671,0.9769954654523247,0.9521367521367521,0.9987762010780971,0.9999705132967144,0.04225352112676056,0.99624445203141,bench_optuna_xgboost,,26,,,6.72,ok,CICIoT23,A,42,6.72,,,,,,,,"{'n_estimators': 388, 'max_depth': 5, 'learning_rate': 0.17612581946092878, 'min_child_weight': 3, 'gamma': 3.1740029381530275, 'subsample': 0.9997336532459243, 'colsample_bytree': 0.8588988509350559}",,,,,,6.4,
0.9826666666666667,0.7886178861788617,0.9911232502560601,0.8615012553668263,0.9920849782889896,0.9998100216566563,0.0,0.9822465005121201,bench_quantum_kernel_classifier,3.0,1,0.0,,2.55,ok,CICIoT23,A,42,2.55,,,,,,,,,,,,,,,"analytic (shot-free) quantum feature map, classical simulate-only deployment"
0.9936666666666667,0.9290186703096539,0.9349126510514092,0.9319444427861706,0.9983842969046783,0.999961026711742,0.1267605633802817,0.9965858654831,1_xgboost_default,0.0,1,0.0,0.0,0.31,ok,CICIoT23,A,43,0.31,,,,,,,,,,,,,,,
0.992,0.9229864994834895,0.8997013834457754,0.9109963953540119,0.998211185858751,0.999956779101198,0.19718309859154928,0.9965858654831,2_sho_xgboost,0.0,61,0.0,0.0,4.17,ok,CICIoT23,A,43,4.17,,,,,,,,,,,,,,,
0.9866666666666667,0.8913061572049605,0.793896873903029,0.8353060014493072,0.9857760423929717,0.9995166596697442,0.4084507042253521,0.99624445203141,3_qrl_sho_xgboost_reproduction,8.0,142,2138095616.0,8.0,52.7,ok,CICIoT23,A,43,52.71,60.0,81.0,80.0,44.42,5.33,2.95,"[0, 4, 6, 17, 20, 25, 38, 44]","{'n_estimators': 100, 'max_depth': 6}",,,,,,,
0.9936666666666667,0.9243086216770426,0.941784197846691,0.932860213787214,0.9986583893940633,0.999967575460844,0.11267605633802817,0.99624445203141,4_classical_actor_critic,0.0,61,0.0,60.0,3.75,ok,CICIoT23,A,43,3.75,,,60.0,,,,,"{'n_estimators': 175.0, 'max_depth': 5.0, 'learning_rate': 0.14, 'min_child_weight': 1.0, 'gamma': 0.0, 'subsample': 0.9, 'colsample_bytree': 0.9, 'reg_alpha': 0.0, 'reg_lambda': 1.0}",0.0,51.0,9.0,0.0,0.9540626306276604,,
0.99,0.888019431743194,0.8986771430907055,0.8932718579234973,0.9969657480561072,0.999926925518583,0.19718309859154928,0.99453738477296,5_vqc_actor_critic_ordinary_grad,4.0,61,1966080.0,60.0,5.42,ok,CICIoT23,A,43,5.42,,,60.0,,,,,"{'n_estimators': 275.0, 'max_depth': 9.0, 'learning_rate': 0.019999999999999993, 'min_child_weight': 1.0, 'gamma': 0.5, 'subsample': 0.9, 'colsample_bytree': 0.9, 'reg_alpha': 0.0, 'reg_lambda': 1.0}",11.0,51.0,9.0,3900.0,0.9217333371268162,,
0.9916666666666667,0.9076730418943534,0.9132737703104938,0.9104532141923298,0.997393717030761,0.999937260502556,0.16901408450704225,0.99556162512803,6_qnac_fixed_shots,4.0,61,1966080.0,25.0,5.5,ok,CICIoT23,A,43,5.5,,,60.0,,,,,"{'n_estimators': 250.0, 'max_depth': 8.0, 'learning_rate': 0.01, 'min_child_weight': 3.0, 'gamma': 0.25, 'subsample': 0.9, 'colsample_bytree': 0.9, 'reg_alpha': 0.0, 'reg_lambda': 1.0}",11.0,51.0,9.0,3900.0,0.9415007734231399,,
0.993,0.9219034608378871,0.9276996908044374,0.924780699921557,0.998470852427642,0.9999631052124248,0.14084507042253522,0.99624445203141,7_sf_qnac_ids,4.0,61,153600.0,60.0,5.88,ok,CICIoT23,A,43,5.88,,,60.0,,,,,"{'n_estimators': 275.0, 'max_depth': 8.0, 'learning_rate': 0.039999999999999994, 'min_child_weight': 2.0, 'gamma': 0.25, 'subsample': 0.9, 'colsample_bytree': 0.9, 'reg_alpha': 0.0, 'reg_lambda': 1.0}",11.0,51.0,9.0,3900.0,0.9495096861029659,,
0.9676666666666667,0.7065624115870075,0.9353406200260628,0.7760461760461761,0.956606831154218,0.9976297558307294,0.09859154929577464,0.9692727893479003,bench_logreg,,1,,,2.1,ok,CICIoT23,A,43,2.1,,,,,,,,,,,,,,,
0.9933333333333333,0.9329061160310326,0.9209988507350007,0.9268649439297902,0.9988387134002376,0.999971614486724,0.15492957746478872,0.99692727893479,bench_random_forest,,1,,,0.42,ok,CICIoT23,A,43,0.42,,,,,,,,,,,,,,,
0.993,0.90905860053704,0.9483143311902826,0.9277356363106634,0.9984035314653368,0.9999614592642403,0.09859154929577464,0.99522021167634,bench_lightgbm,,1,,,0.22,ok,CICIoT23,A,43,0.22,,,,,,,,,,,,,,,
0.993,0.9131056951544387,0.941442784395001,0.9267774767518488,0.9985285561096177,0.9999644347524886,0.11267605633802817,0.99556162512803,bench_optuna_xgboost,,26,,,5.32,ok,CICIoT23,A,43,5.32,,,,,,,,"{'n_estimators': 300, 'max_depth': 6, 'learning_rate': 0.14725512103066593, 'min_child_weight': 8, 'gamma': 1.047167302005966, 'subsample': 0.7530874174910289, 'colsample_bytree': 0.8303664418426218}",,,,,,5.08,
0.9823333333333333,0.7862903225806452,0.9909525435302151,0.8595375339561386,0.990935713289639,0.9997825285654602,0.0,0.9819050870604302,bench_quantum_kernel_classifier,3.0,1,0.0,,1.79,ok,CICIoT23,A,43,1.79,,,,,,,,,,,,,,,"analytic (shot-free) quantum feature map, classical simulate-only deployment"
0.993,0.9131056951544387,0.941442784395001,0.9267774767518488,0.9986583893940633,0.9999676078689542,0.11267605633802817,0.99556162512803,1_xgboost_default,0.0,1,0.0,0.0,0.22,ok,CICIoT23,A,44,0.22,,,,,,,,,,,,,,,
0.9873333333333333,0.8599388779946741,0.8698253021028184,0.8648110200364298,0.9949821839881899,0.9998794296055076,0.2535211267605634,0.9931717309662,2_sho_xgboost,0.0,61,0.0,0.0,2.59,ok,CICIoT23,A,44,2.59,,,,,,,,,,,,,,,
0.9813333333333333,0.823014460591825,0.7155785515414096,0.7579515787896427,0.9913684909044571,0.9997920594900769,0.5633802816901409,0.99453738477296,3_qrl_sho_xgboost_reproduction,8.0,142,2138071040.0,5.0,45.79,ok,CICIoT23,A,44,45.79,60.0,81.0,80.0,38.01,4.92,2.86,"[1, 13, 17, 31, 33, 37, 38, 45]","{'n_estimators': 60, 'max_depth': 2}",,,,,,,
0.9943333333333333,0.9266055871553027,0.9558687048889445,0.9407246240372109,0.99808616121447,0.9999537832605027,0.08450704225352113,0.99624445203141,4_classical_actor_critic,0.0,61,0.0,60.0,2.66,ok,CICIoT23,A,44,2.66,,,60.0,,,,,"{'n_estimators': 125.0, 'max_depth': 2.0, 'learning_rate': 0.12000000000000001, 'min_child_weight': 2.0, 'gamma': 1.0, 'subsample': 0.9, 'colsample_bytree': 0.9, 'reg_alpha': 0.0, 'reg_lambda': 1.0}",0.0,51.0,9.0,0.0,0.9365064346371095,,
0.9933333333333333,0.9186324786324787,0.941613491120846,0.9297986156287001,0.9980669266538115,0.9999533258041828,0.11267605633802817,0.9959030385797201,5_vqc_actor_critic_ordinary_grad,4.0,61,1966080.0,60.0,4.38,ok,CICIoT23,A,44,4.38,,,60.0,,,,,"{'n_estimators': 125.0, 'max_depth': 5.0, 'learning_rate': 0.12000000000000001, 'min_child_weight': 5.0, 'gamma': 0.25, 'subsample': 0.9, 'colsample_bytree': 0.9, 'reg_alpha': 0.0, 'reg_lambda': 1.0}",11.0,51.0,9.0,3900.0,0.9414919551438323,,
0.9916666666666667,0.9035257061572851,0.9201453171057756,0.9116581760358079,0.9976485749594872,0.999943230655741,0.15492957746478872,0.99522021167634,6_qnac_fixed_shots,4.0,61,1966080.0,13.0,5.78,ok,CICIoT23,A,44,5.78,,,60.0,,,,,"{'n_estimators': 150.0, 'max_depth': 7.0, 'learning_rate': 0.18, 'min_child_weight': 1.0, 'gamma': 0.0, 'subsample': 0.9, 'colsample_bytree': 0.9, 'reg_alpha': 0.0, 'reg_lambda': 1.0}",11.0,51.0,9.0,3900.0,0.920431940892299,,
0.9933333333333333,0.9143870156528384,0.9484850379161277,0.9307236149341414,0.9980621180136469,0.9999531744353515,0.09859154929577464,0.99556162512803,7_sf_qnac_ids,4.0,61,153600.0,13.0,4.67,ok,CICIoT23,A,44,4.67,,,60.0,,,,,"{'n_estimators': 100.0, 'max_depth': 5.0, 'learning_rate': 0.1, 'min_child_weight': 3.0, 'gamma': 0.25, 'subsample': 0.9, 'colsample_bytree': 0.9, 'reg_alpha': 0.0, 'reg_lambda': 1.0}",11.0,51.0,9.0,3900.0,0.9534356713800114,,
0.9773333333333334,0.7545670125044117,0.9196764746897225,0.8152006522329921,0.9650892724046567,0.997935479157428,0.14084507042253522,0.9801980198019802,bench_logreg,,1,,,1.01,ok,CICIoT23,A,44,1.01,,,,,,,,,,,,,,,
0.9946666666666667,0.942296318024226,0.942296318024226,0.942296318024226,0.9988964170822133,0.9999729879972463,0.11267605633802817,0.9972686923864801,bench_random_forest,,1,,,0.37,ok,CICIoT23,A,44,0.37,,,,,,,,,,,,,,,
0.993,0.90905860053704,0.9483143311902826,0.9277356363106634,0.9987834140383441,0.9999705764407035,0.09859154929577464,0.99522021167634,bench_lightgbm,,1,,,0.22,ok,CICIoT23,A,44,0.22,,,,,,,,,,,,,,,
0.9936666666666667,0.9198556411548707,0.9486557446419728,0.9337510503945299,0.9987257103563684,0.9999692122920991,0.09859154929577464,0.9959030385797201,bench_optuna_xgboost,,26,,,4.93,ok,CICIoT23,A,44,4.93,,,,,,,,"{'n_estimators': 83, 'max_depth': 6, 'learning_rate': 0.05343334254699878, 'min_child_weight': 2, 'gamma': 0.7686723043087484, 'subsample': 0.9921420166532556, 'colsample_bytree': 0.6357800768559743}",,,,,,4.8,
0.9806666666666667,0.776737195051451,0.9488697291292996,0.8407550043197494,0.9203352583922793,0.9902411946538558,0.08450704225352113,0.9822465005121201,bench_quantum_kernel_classifier,3.0,1,0.0,,2.01,ok,CICIoT23,A,44,2.01,,,,,,,,,,,,,,,"analytic (shot-free) quantum feature map, classical simulate-only deployment"
0.9913333333333333,0.900728597449909,0.9118966357874208,0.9062315167893671,0.9980058508044857,0.9999525158690084,0.17142857142857143,0.995221843003413,1_xgboost_default,0.0,1,0.0,0.0,0.23,ok,CICIoT23,B,42,0.23,,,,,,,,,,,,,,,
0.9876666666666667,0.847340682579478,0.9100195026816187,0.8759209515856967,0.9962091662603607,0.9999096939335599,0.17142857142857143,0.9914675767918089,2_sho_xgboost,0.0,61,0.0,0.0,3.49,ok,CICIoT23,B,42,3.49,,,,,,,,,,,,,,,
0.9783333333333334,0.7595238841360868,0.8634080936128719,0.8021186496576653,0.9902901023890787,0.9997691342081454,0.2571428571428571,0.9839590443686007,3_qrl_sho_xgboost_reproduction,8.0,142,2138103808.0,35.0,49.05,ok,CICIoT23,B,42,49.06,60.0,81.0,80.0,41.12,5.47,2.47,"[6, 8, 9, 15, 22, 26, 30, 45]","{'n_estimators': 80, 'max_depth': 3}",,,,,,,
0.991,0.8845353810685608,0.9326426133593368,0.9070886752565672,0.9978449536811311,0.9999484921183941,0.12857142857142856,0.9938566552901024,4_classical_actor_critic,0.0,61,0.0,24.0,5.08,ok,CICIoT23,B,42,5.08,,,60.0,,,,,"{'n_estimators': 175.0, 'max_depth': 4.0, 'learning_rate': 0.16, 'min_child_weight': 7.0, 'gamma': 0.25, 'subsample': 0.9, 'colsample_bytree': 0.9, 'reg_alpha': 0.0, 'reg_lambda': 1.0}",0.0,51.0,9.0,0.0,0.9184133624078441,,
0.9873333333333333,0.8431804820693709,0.909848854217455,0.8733732910948101,0.9956362749878108,0.9998960417514493,0.17142857142857143,0.9911262798634812,5_vqc_actor_critic_ordinary_grad,4.0,61,1966080.0,60.0,6.91,ok,CICIoT23,B,42,6.91,,,60.0,,,,,"{'n_estimators': 125.0, 'max_depth': 6.0, 'learning_rate': 0.12000000000000001, 'min_child_weight': 1.0, 'gamma': 0.0, 'subsample': 0.9, 'colsample_bytree': 0.9, 'reg_alpha': 0.0, 'reg_lambda': 1.0}",11.0,51.0,9.0,3900.0,0.9226689284982184,,
0.9926666666666667,0.9065267477860177,0.9404680643588493,0.9227784771915701,0.9983812774256461,0.9999614910297816,0.11428571428571428,0.995221843003413,6_qnac_fixed_shots,4.0,61,1966080.0,60.0,7.28,ok,CICIoT23,B,42,7.28,,,60.0,,,,,"{'n_estimators': 225.0, 'max_depth': 10.0, 'learning_rate': 0.1, 'min_child_weight': 7.0, 'gamma': 0.25, 'subsample': 0.9, 'colsample_bytree': 0.9, 'reg_alpha': 0.0, 'reg_lambda': 1.0}",11.0,51.0,9.0,3900.0,0.9480812306231736,,
0.9903333333333333,0.8667862258366182,0.9532179424670892,0.9051617101850873,0.9976206728425159,0.99994345215314,0.08571428571428572,0.9921501706484641,7_sf_qnac_ids,4.0,61,153600.0,51.0,6.45,ok,CICIoT23,B,42,6.45,,,60.0,,,,,"{'n_estimators': 125.0, 'max_depth': 9.0, 'learning_rate': 0.06, 'min_child_weight': 8.0, 'gamma': 0.25, 'subsample': 0.9, 'colsample_bytree': 0.9, 'reg_alpha': 0.0, 'reg_lambda': 1.0}",11.0,51.0,9.0,3900.0,0.9278703975302824,,
0.9623333333333334,0.686074057536914,0.9388834714773281,0.755749434945411,0.9612189176011701,0.99753651520996,0.08571428571428572,0.9634812286689419,bench_logreg,,1,,,2.81,ok,CICIoT23,B,42,2.81,,,,,,,,,,,,,,,
0.9953333333333333,0.9488054607508533,0.9488054607508533,0.9488054607508533,0.9988493417844954,0.9999722998564056,0.1,0.9976109215017065,bench_random_forest,,1,,,0.52,ok,CICIoT23,B,42,0.52,,,,,,,,,,,,,,,
0.9906666666666667,0.879708904109589,0.9324719648951731,0.9042735042735043,0.9978010726474891,0.9999475840719815,0.12857142857142856,0.9935153583617747,bench_lightgbm,,1,,,0.49,ok,CICIoT23,B,42,0.49,,,,,,,,,,,,,,,
0.9916666666666667,0.9022305319860908,0.9190394929302779,0.9104532141923298,0.9979765967820575,0.9999518341331611,0.15714285714285714,0.995221843003413,bench_optuna_xgboost,,26,,,9.02,ok,CICIoT23,B,42,9.02,,,,,,,,"{'n_estimators': 147, 'max_depth': 9, 'learning_rate': 0.050777500367962566, 'min_child_weight': 2, 'gamma': 0.48292241394553, 'subsample': 0.7777920735320814, 'colsample_bytree': 0.5787854476101701}",,,,,,8.69,
0.975,0.7413793103448276,0.9872013651877133,0.8190991135856566,0.9909166260360799,0.9997850850046036,0.0,0.9744027303754266,bench_quantum_kernel_classifier,3.0,1,0.0,,2.44,ok,CICIoT23,B,42,2.44,,,,,,,,,,,,,,,"analytic (shot-free) quantum feature map, classical simulate-only deployment"
0.995,0.9479106403809354,0.941662603607996,0.9447635203558702,0.9992198927352511,0.999981438983548,0.11428571428571428,0.9976109215017065,1_xgboost_default,0.0,1,0.0,0.0,0.4,ok,CICIoT23,B,43,0.4,,,,,,,,,,,,,,,
0.9883333333333333,0.8773580104930513,0.8615553388590931,0.8692779536646369,0.9958410531448075,0.9999015549450795,0.2714285714285714,0.9945392491467577,2_sho_xgboost,0.0,61,0.0,0.0,5.15,ok,CICIoT23,B,43,5.15,,,,,,,,,,,,,,,
0.9873333333333333,0.8676333891057817,0.8470989761092149,0.8570540085065403,0.9957922964407605,0.9999003348297155,0.3,0.99419795221843,3_qrl_sho_xgboost_reproduction,8.0,142,2138112000.0,11.0,55.43,ok,CICIoT23,B,43,55.43,60.0,81.0,80.0,43.75,8.79,2.89,"[1, 4, 6, 7, 9, 17, 26, 45]","{'n_estimators': 100, 'max_depth': 6}",,,,,,,
0.9953333333333333,0.9605874697899237,0.9348610433934665,0.9473356873445149,0.9992588980984886,0.9999823420040912,0.12857142857142856,0.9982935153583617,4_classical_actor_critic,0.0,61,0.0,60.0,5.12,ok,CICIoT23,B,43,5.12,,,60.0,,,,,"{'n_estimators': 200.0, 'max_depth': 5.0, 'learning_rate': 0.14, 'min_child_weight': 1.0, 'gamma': 0.25, 'subsample': 0.9, 'colsample_bytree': 0.9, 'reg_alpha': 0.0, 'reg_lambda': 1.0}",0.0,51.0,9.0,0.0,0.952128384308421,,
0.993,0.9420610600385881,0.8988054607508533,0.9192629605375293,0.9980789858605558,0.9999544714393589,0.2,0.9976109215017065,5_vqc_actor_critic_ordinary_grad,4.0,61,1966080.0,25.0,8.29,ok,CICIoT23,B,43,8.29,,,60.0,,,,,"{'n_estimators': 275.0, 'max_depth': 9.0, 'learning_rate': 0.019999999999999993, 'min_child_weight': 1.0, 'gamma': 0.5, 'subsample': 0.9, 'colsample_bytree': 0.9, 'reg_alpha': 0.0, 'reg_lambda': 1.0}",11.0,51.0,9.0,3900.0,0.8977853492333902,,
0.994,0.9394711499879624,0.927206240858118,0.9332472965155089,0.9985226718673816,0.9999650674482252,0.14285714285714285,0.9972696245733789,6_qnac_fixed_shots,4.0,61,1966080.0,60.0,8.02,ok,CICIoT23,B,43,8.02,,,60.0,,,,,"{'n_estimators': 250.0, 'max_depth': 7.0, 'learning_rate': 0.039999999999999994, 'min_child_weight': 1.0, 'gamma': 0.25, 'subsample': 0.9, 'colsample_bytree': 0.9, 'reg_alpha': 0.0, 'reg_lambda': 1.0}",11.0,51.0,9.0,3900.0,0.9290366034179458,,
0.9963333333333333,0.9755602149128555,0.9423451974646514,0.958321492848347,0.9994539249146758,0.9999870239790278,0.11428571428571428,0.9989761092150171,7_sf_qnac_ids,4.0,61,153600.0,60.0,8.03,ok,CICIoT23,B,43,8.03,,,60.0,,,,,"{'n_estimators': 275.0, 'max_depth': 6.0, 'learning_rate': 0.01, 'min_child_weight': 1.0, 'gamma': 0.5, 'subsample': 0.9, 'colsample_bytree': 0.9, 'reg_alpha': 0.0, 'reg_lambda': 1.0}",11.0,51.0,9.0,3900.0,0.939812214108017,,
0.9813333333333333,0.7796622533464639,0.9486104339346659,0.84301178159201,0.9597220867869333,0.9978676142878238,0.08571428571428572,0.9829351535836177,bench_logreg,,1,,,2.24,ok,CICIoT23,B,43,2.24,,,,,,,,,,,,,,,
0.995,0.9663813090779383,0.9207459775719161,0.9423306860982352,0.9989882983910287,0.9999754274316316,0.15714285714285714,0.9986348122866894,bench_random_forest,,1,,,0.48,ok,CICIoT23,B,43,0.48,,,,,,,,,,,,,,,
0.995,0.9373312241717406,0.9556070209653827,0.9462719285153979,0.9993661628473915,0.9999849302122954,0.08571428571428572,0.9969283276450512,bench_lightgbm,,1,,,0.34,ok,CICIoT23,B,43,0.34,,,,,,,,,,,,,,,
0.9943333333333333,0.9404936733271031,0.9343490980009752,0.9373986564033197,0.9991565090199903,0.9999799375910495,0.12857142857142856,0.9972696245733789,bench_optuna_xgboost,,26,,,8.84,ok,CICIoT23,B,43,8.84,,,,,,,,"{'n_estimators': 323, 'max_depth': 9, 'learning_rate': 0.04202762759660587, 'min_child_weight': 2, 'gamma': 0.5153606632931385, 'subsample': 0.9495329156865996, 'colsample_bytree': 0.6685823999955718}",,,,,,8.37,
0.9846666666666667,0.8017241379310345,0.9921501706484641,0.8723881176692522,0.9917259873232569,0.9998043778773206,0.0,0.9843003412969283,bench_quantum_kernel_classifier,3.0,1,0.0,,2.18,ok,CICIoT23,B,43,2.18,,,,,,,,,,,,,,,"analytic (shot-free) quantum feature map, classical simulate-only deployment"
0.9956666666666667,0.9443513626088706,0.9629205265724037,0.9534356713800114,0.9989176011701609,0.9999742904418177,0.07142857142857142,0.9972696245733789,1_xgboost_default,0.0,1,0.0,0.0,0.29,ok,CICIoT23,B,44,0.29,,,,,,,,,,,,,,,
0.9856666666666667,0.839049286051921,0.8532179424670892,0.8459795284108071,0.9954071184787908,0.9998910214479761,0.2857142857142857,0.9921501706484641,2_sho_xgboost,0.0,61,0.0,0.0,4.67,ok,CICIoT23,B,44,4.67,,,,,,,,,,,,,,,
0.9863333333333333,0.8544585290390869,0.8396148220380302,0.8468684600071461,0.990214529497806,0.999749708784448,0.3142857142857143,0.9935153583617747,3_qrl_sho_xgboost_reproduction,8.0,142,2138079232.0,15.0,52.03,ok,CICIoT23,B,44,52.04,60.0,81.0,80.0,42.5,6.9,2.63,"[2, 3, 11, 20, 29, 37, 38, 41]","{'n_estimators': 80, 'max_depth': 2}",,,,,,,
0.99,0.8795269637842897,0.9112140419307655,0.8946979234430503,0.9973671379814724,0.9999375329059567,0.17142857142857143,0.9938566552901024,4_classical_actor_critic,0.0,61,0.0,60.0,4.45,ok,CICIoT23,B,44,4.45,,,60.0,,,,,"{'n_estimators': 125.0, 'max_depth': 2.0, 'learning_rate': 0.12000000000000001, 'min_child_weight': 2.0, 'gamma': 1.0, 'subsample': 0.9, 'colsample_bytree': 0.9, 'reg_alpha': 0.0, 'reg_lambda': 1.0}",0.0,51.0,9.0,0.0,0.9297986156287001,,
0.9913333333333333,0.8967689494005283,0.9188688444661142,0.9075022768670309,0.9973037542662117,0.9999360244240932,0.15714285714285714,0.9948805460750854,5_vqc_actor_critic_ordinary_grad,4.0,61,1966080.0,60.0,6.51,ok,CICIoT23,B,44,6.51,,,60.0,,,,,"{'n_estimators': 150.0, 'max_depth': 5.0, 'learning_rate': 0.12000000000000001, 'min_child_weight': 4.0, 'gamma': 0.5, 'subsample': 0.9, 'colsample_bytree': 0.9, 'reg_alpha': 0.0, 'reg_lambda': 1.0}",11.0,51.0,9.0,3900.0,0.9297986156287001,,
0.9893333333333333,0.8697414837045228,0.9108727450024379,0.8891577838946261,0.9970063383715261,0.9999289317867981,0.17142857142857143,0.9931740614334471,6_qnac_fixed_shots,4.0,61,1966080.0,13.0,6.26,ok,CICIoT23,B,44,6.26,,,60.0,,,,,"{'n_estimators': 75.0, 'max_depth': 7.0, 'learning_rate': 0.14, 'min_child_weight': 3.0, 'gamma': 0.25, 'subsample': 0.9, 'colsample_bytree': 0.9, 'reg_alpha': 0.0, 'reg_lambda': 1.0}",11.0,51.0,9.0,3900.0,0.9277356363106634,,
0.9896666666666667,0.8745706910263873,0.9110433934666017,0.8919096085384436,0.9969624573378839,0.9999279390996113,0.17142857142857143,0.9935153583617747,7_sf_qnac_ids,4.0,61,153600.0,13.0,5.02,ok,CICIoT23,B,44,5.02,,,60.0,,,,,"{'n_estimators': 125.0, 'max_depth': 7.0, 'learning_rate': 0.14, 'min_child_weight': 2.0, 'gamma': 0.0, 'subsample': 0.9, 'colsample_bytree': 0.9, 'reg_alpha': 0.0, 'reg_lambda': 1.0}",11.0,51.0,9.0,3900.0,0.9337510503945299,,
0.9803333333333333,0.7720325870725315,0.9620429058995612,0.8404714114855176,0.9694880546075085,0.9984037429963664,0.05714285714285714,0.9812286689419796,bench_logreg,,1,,,2.66,ok,CICIoT23,B,44,2.66,,,,,,,,,,,,,,,
0.9956666666666667,0.9676975494692701,0.9350316918576305,0.9507435824571374,0.9989176011701609,0.9999739367380678,0.12857142857142856,0.9986348122866894,bench_random_forest,,1,,,0.46,ok,CICIoT23,B,44,0.46,,,,,,,,,,,,,,,
0.9943333333333333,0.9212226364125098,0.9622379327157484,0.9407246240372109,0.9989176011701609,0.9999742608600731,0.07142857142857142,0.9959044368600682,bench_lightgbm,,1,,,0.35,ok,CICIoT23,B,44,0.35,,,,,,,,,,,,,,,
0.9943333333333333,0.9256410256410257,0.955265724037055,0.9399275597043494,0.9988054607508532,0.9999716574861353,0.08571428571428572,0.9962457337883959,bench_optuna_xgboost,,26,,,7.15,ok,CICIoT23,B,44,7.15,,,,,,,,"{'n_estimators': 388, 'max_depth': 3, 'learning_rate': 0.05052102966435384, 'min_child_weight': 4, 'gamma': 1.545973827280593, 'subsample': 0.7760275203692657, 'colsample_bytree': 0.6219506728912321}",,,,,,6.7,
0.981,0.7766167209681513,0.9623842028278888,0.8443018577246765,0.9451048269137007,0.99282793889268,0.05714285714285714,0.9819112627986348,bench_quantum_kernel_classifier,3.0,1,0.0,,2.19,ok,CICIoT23,B,44,2.19,,,,,,,,,,,,,,,"analytic (shot-free) quantum feature map, classical simulate-only deployment"
0.9083333333333333,0.9075800745976456,0.9064535654580043,0.906986487335111,0.9763166001325878,0.970377357913392,0.07715311004784689,0.9228468899521531,1_xgboost_default,0.0,1,0.0,0.0,0.6,ok,UNSW-NB15,A,45,0.6,,,,,,,,,,,,,,,
0.9046666666666666,0.9035457527241384,0.9031640917737938,0.9033511686848774,0.9731494008329971,0.967208979544101,0.08373205741626795,0.916267942583732,2_sho_xgboost,0.0,61,0.0,0.0,4.38,ok,UNSW-NB15,A,45,4.38,,,,,,,,,,,,,,,
0.8463333333333334,0.8462200515468729,0.8508315558886262,0.8458086544491673,0.9309160986049461,0.900103442725988,0.18839712918660287,0.8116028708133971,3_qrl_sho_xgboost_reproduction,8.0,142,2138103808.0,16.0,54.99,ok,UNSW-NB15,A,45,55.0,60.0,81.0,80.0,44.33,7.82,2.84,"[6, 7, 10, 19, 23, 31, 35, 41]","{'n_estimators': 160, 'max_depth': 2}",,,,,,,
0.9006666666666666,0.8997605045659461,0.8987234824465326,0.8992153679653679,0.973081170375281,0.9660971660599318,0.08433014354066985,0.9156698564593302,4_classical_actor_critic,0.0,61,0.0,10.0,7.42,ok,UNSW-NB15,A,45,7.42,,,60.0,,,,,"{'n_estimators': 200.0, 'max_depth': 8.0, 'learning_rate': 0.23999999999999996, 'min_child_weight': 7.0, 'gamma': 0.5, 'subsample': 0.9, 'colsample_bytree': 0.9, 'reg_alpha': 0.0, 'reg_lambda': 1.0}",0.0,51.0,9.0,0.0,0.8987566056170011,,
0.8996666666666666,0.89921930141874,0.8971291866028708,0.898074074074074,0.9712857860869315,0.9646853251786516,0.08074162679425838,0.9192583732057417,5_vqc_actor_critic_ordinary_grad,4.0,61,1966080.0,60.0,5.82,ok,UNSW-NB15,A,45,5.82,,,60.0,,,,,"{'n_estimators': 150.0, 'max_depth': 3.0, 'learning_rate': 0.06, 'min_child_weight': 1.0, 'gamma': 0.5, 'subsample': 0.9, 'colsample_bytree': 0.9, 'reg_alpha': 0.0, 'reg_lambda': 1.0}",11.0,51.0,9.0,3900.0,0.8760375596335472,,
0.8966666666666666,0.8984885994916831,0.8920364472243039,0.8945197449963797,0.9712695729088603,0.965579497592134,0.06758373205741627,0.9324162679425837,6_qnac_fixed_shots,4.0,61,1966080.0,17.0,6.71,ok,UNSW-NB15,A,45,6.71,,,60.0,,,,,"{'n_estimators': 50.0, 'max_depth': 7.0, 'learning_rate': 0.039999999999999994, 'min_child_weight': 2.0, 'gamma': 0.25, 'subsample': 0.9, 'colsample_bytree': 0.9, 'reg_alpha': 0.0, 'reg_lambda': 1.0}",11.0,51.0,9.0,3900.0,0.905450503570849,,
0.9026666666666666,0.9027623466875803,0.8996656482388885,0.9010108643966364,0.973444615783709,0.9675809236604975,0.07416267942583732,0.9258373205741627,7_sf_qnac_ids,4.0,61,153600.0,17.0,7.19,ok,UNSW-NB15,A,45,7.19,,,60.0,,,,,"{'n_estimators': 50.0, 'max_depth': 7.0, 'learning_rate': 0.08, 'min_child_weight': 3.0, 'gamma': 0.25, 'subsample': 0.9, 'colsample_bytree': 0.9, 'reg_alpha': 0.0, 'reg_lambda': 1.0}",11.0,51.0,9.0,3900.0,0.9072005784256455,,
0.6986666666666667,0.7519607843137255,0.7222286274283738,0.6940632016692057,0.7664122398685651,0.6592482968639585,0.48325358851674644,0.5167464114832536,bench_logreg,,1,,,2.26,ok,UNSW-NB15,A,45,2.26,,,,,,,,,,,,,,,
0.9063333333333333,0.904926274589196,0.9053564737418573,0.9051362689925798,0.9738287780307834,0.96817985219864,0.0861244019138756,0.9138755980861244,bench_random_forest,,1,,,1.33,ok,UNSW-NB15,A,45,1.33,,,,,,,,,,,,,,,
0.9053333333333333,0.9038518614452304,0.9044593445552546,0.9041452024673835,0.9761560446330778,0.9708406550974037,0.08791866028708134,0.9120813397129187,bench_lightgbm,,1,,,0.45,ok,UNSW-NB15,A,45,0.45,,,,,,,,,,,,,,,
0.9063333333333333,0.9067148261438633,0.9031875108087855,0.9046978531919605,0.9760855623450742,0.971280429851558,0.06937799043062201,0.930622009569378,bench_optuna_xgboost,,26,,,13.17,ok,UNSW-NB15,A,45,13.17,,,,,,,,"{'n_estimators': 214, 'max_depth': 8, 'learning_rate': 0.04606461028602722, 'min_child_weight': 3, 'gamma': 1.5798031102343713, 'subsample': 0.7722582577307789, 'colsample_bytree': 0.690668523567665}",,,,,,12.57,
0.7103333333333334,0.7091342401883227,0.6985339684095233,0.7002965649985704,0.7937609438951979,0.6738428287587304,0.19856459330143542,0.8014354066985646,bench_quantum_kernel_classifier,3.0,1,0.0,,2.0,ok,UNSW-NB15,A,45,2.0,,,,,,,,,,,,,,,"analytic (shot-free) quantum feature map, classical simulate-only deployment"
0.908,0.9080476867707667,0.9052249668530581,0.9064675645780467,0.9750794445725486,0.9701686626990647,0.07057416267942583,0.9294258373205742,1_xgboost_default,0.0,1,0.0,0.0,0.75,ok,UNSW-NB15,A,46,0.75,,,,,,,,,,,,,,,
0.8863333333333333,0.8844577875618658,0.885632241886205,0.8850002433768065,0.9661903445120195,0.9584072728665736,0.10825358851674641,0.8917464114832536,2_sho_xgboost,0.0,61,0.0,0.0,5.95,ok,UNSW-NB15,A,46,5.95,,,,,,,,,,,,,,,
0.85,0.8525208670436886,0.8567547702772813,0.8497675737440903,0.9223138817230645,0.8763616547778091,0.2021531100478469,0.7978468899521531,3_qrl_sho_xgboost_reproduction,8.0,142,2138103808.0,20.0,53.88,ok,UNSW-NB15,A,46,53.89,60.0,81.0,80.0,44.8,6.12,2.96,"[3, 9, 12, 16, 24, 25, 35, 38]","{'n_estimators': 100, 'max_depth': 4}",,,,,,,
0.8886666666666667,0.8884658954752414,0.8854791174266443,0.8867727010564266,0.9684088477114199,0.9603426409283996,0.0867224880382775,0.9132775119617225,4_classical_actor_critic,0.0,61,0.0,60.0,5.69,ok,UNSW-NB15,A,46,5.69,,,60.0,,,,,"{'n_estimators': 125.0, 'max_depth': 7.0, 'learning_rate': 0.08, 'min_child_weight': 1.0, 'gamma': 0.0, 'subsample': 0.9, 'colsample_bytree': 0.9, 'reg_alpha': 0.0, 'reg_lambda': 1.0}",0.0,51.0,9.0,0.0,0.8910733835085498,,
0.8946666666666667,0.8945929459948152,0.8915590592033205,0.8928747710593736,0.9703641119501931,0.9628295011264724,0.08133971291866028,0.9186602870813397,5_vqc_actor_critic_ordinary_grad,4.0,61,1966080.0,31.0,6.73,ok,UNSW-NB15,A,46,6.73,,,60.0,,,,,"{'n_estimators': 150.0, 'max_depth': 4.0, 'learning_rate': 0.08, 'min_child_weight': 3.0, 'gamma': 0.0, 'subsample': 0.9, 'colsample_bytree': 0.9, 'reg_alpha': 0.0, 'reg_lambda': 1.0}",11.0,51.0,9.0,3900.0,0.8881824857114329,,
0.893,0.895093429981507,0.8880498068830345,0.890702009755101,0.9707473734651524,0.9632920509445954,0.0687799043062201,0.93122009569378,6_qnac_fixed_shots,4.0,61,1966080.0,31.0,6.78,ok,UNSW-NB15,A,46,6.78,,,60.0,,,,,"{'n_estimators': 175.0, 'max_depth': 4.0, 'learning_rate': 0.06, 'min_child_weight': 3.0, 'gamma': 0.0, 'subsample': 0.9, 'colsample_bytree': 0.9, 'reg_alpha': 0.0, 'reg_lambda': 1.0}",11.0,51.0,9.0,3900.0,0.8922244507988996,,
0.8996666666666666,0.900242268808255,0.8961221680982303,0.8978414220564556,0.9742183446705482,0.9680760905274957,0.0729665071770335,0.9270334928229665,7_sf_qnac_ids,4.0,61,153600.0,60.0,7.04,ok,UNSW-NB15,A,46,7.04,,,60.0,,,,,"{'n_estimators': 150.0, 'max_depth': 4.0, 'learning_rate': 0.08, 'min_child_weight': 2.0, 'gamma': 0.0, 'subsample': 0.9, 'colsample_bytree': 0.9, 'reg_alpha': 0.0, 'reg_lambda': 1.0}",11.0,51.0,9.0,3900.0,0.9011050871023514,,
0.709,0.7544336807213323,0.7306468697757538,0.705755959452969,0.7594311156107684,0.6434104859071481,0.458133971291866,0.5418660287081339,bench_logreg,,1,,,2.36,ok,UNSW-NB15,A,46,2.36,,,,,,,,,,,,,,,
0.9003333333333333,0.8998984059605458,0.8978047356891682,0.8987513227513227,0.972789783536058,0.9664588725656361,0.08014354066985646,0.9198564593301436,bench_random_forest,,1,,,1.27,ok,UNSW-NB15,A,46,1.27,,,,,,,,,,,,,,,
0.904,0.9030885563084656,0.9021786908399148,0.9026131682325957,0.9745032012019369,0.9690815773177783,0.0819377990430622,0.9180622009569378,bench_lightgbm,,1,,,0.5,ok,UNSW-NB15,A,46,0.5,,,,,,,,,,,,,,,
0.904,0.9036689271431055,0.9014815241828558,0.9024679227834933,0.9754379359543437,0.9701560942436102,0.07655502392344497,0.9234449760765551,bench_optuna_xgboost,,26,,,12.96,ok,UNSW-NB15,A,46,12.96,,,,,,,,"{'n_estimators': 275, 'max_depth': 10, 'learning_rate': 0.06871466221147345, 'min_child_weight': 5, 'gamma': 0.0837946043723905, 'subsample': 0.8397530890424011, 'colsample_bytree': 0.7086044418772963}",,,,,,12.16,
0.7226666666666667,0.7189815857007789,0.719049043062201,0.7190149854171479,0.8146453187150515,0.6538184661067079,0.2494019138755981,0.7505980861244019,bench_quantum_kernel_classifier,3.0,1,0.0,,1.94,ok,UNSW-NB15,A,46,1.94,,,,,,,,,,,,,,,"analytic (shot-free) quantum feature map, classical simulate-only deployment"
0.905,0.9043807005052047,0.9028434311408313,0.9035566828958397,0.9747993168847641,0.9690101784721656,0.07834928229665072,0.9216507177033493,1_xgboost_default,0.0,1,0.0,0.0,0.43,ok,UNSW-NB15,A,47,0.43,,,,,,,,,,,,,,,
0.9013333333333333,0.9001146449970798,0.8998638093042024,0.8999875660217216,0.9731313861906958,0.9664315716128866,0.08732057416267942,0.9126794258373205,2_sho_xgboost,0.0,61,0.0,0.0,4.67,ok,UNSW-NB15,A,47,4.67,,,,,,,,,,,,,,,
0.8336666666666667,0.8577324738389513,0.849228252723814,0.833421889387461,0.8966495467515997,0.8467999420348711,0.28648325358851673,0.7135167464114832,3_qrl_sho_xgboost_reproduction,8.0,142,2138103808.0,53.0,55.65,ok,UNSW-NB15,A,47,55.67,60.0,81.0,80.0,44.28,8.41,2.96,"[3, 9, 10, 17, 20, 25, 28, 30]","{'n_estimators': 60, 'max_depth': 5}",,,,,,,
0.886,0.8843256995624136,0.8847909580907362,0.8845518180050553,0.9671131445639016,0.9594827227242448,0.10466507177033493,0.8953349282296651,4_classical_actor_critic,0.0,61,0.0,29.0,5.22,ok,UNSW-NB15,A,47,5.22,,,60.0,,,,,"{'n_estimators': 150.0, 'max_depth': 4.0, 'learning_rate': 0.06, 'min_child_weight': 1.0, 'gamma': 0.75, 'subsample': 0.9, 'colsample_bytree': 0.9, 'reg_alpha': 0.0, 'reg_lambda': 1.0}",0.0,51.0,9.0,0.0,0.8917319816366474,,
0.9006666666666666,0.8994386721369394,0.8991882602179051,0.8993118063326792,0.9737558187294632,0.9675165345448542,0.08791866028708134,0.9120813397129187,5_vqc_actor_critic_ordinary_grad,4.0,61,1966080.0,60.0,8.3,ok,UNSW-NB15,A,47,8.3,,,60.0,,,,,"{'n_estimators': 225.0, 'max_depth': 6.0, 'learning_rate': 0.14, 'min_child_weight': 3.0, 'gamma': 1.0, 'subsample': 0.9, 'colsample_bytree': 0.9, 'reg_alpha': 0.0, 'reg_lambda': 1.0}",11.0,51.0,9.0,3900.0,0.9070707988524921,,
0.8953333333333333,0.8938524855791043,0.8940937193751081,0.8939714555850704,0.9692044193520493,0.9618856257502854,0.0950956937799043,0.9049043062200957,6_qnac_fixed_shots,4.0,61,1966080.0,37.0,7.4,ok,UNSW-NB15,A,47,7.4,,,60.0,,,,,"{'n_estimators': 225.0, 'max_depth': 2.0, 'learning_rate': 0.12000000000000001, 'min_child_weight': 5.0, 'gamma': 0.25, 'subsample': 0.9, 'colsample_bytree': 0.9, 'reg_alpha': 0.0, 'reg_lambda': 1.0}",11.0,51.0,9.0,3900.0,0.8995220942222811,,
0.8973333333333333,0.8964316364786125,0.8952682740531503,0.8958163734265905,0.9694341060413904,0.9616964628804172,0.0867224880382775,0.9132775119617225,7_sf_qnac_ids,4.0,61,153600.0,28.0,7.2,ok,UNSW-NB15,A,47,7.2,,,60.0,,,,,"{'n_estimators': 225.0, 'max_depth': 2.0, 'learning_rate': 0.1, 'min_child_weight': 3.0, 'gamma': 0.25, 'subsample': 0.9, 'colsample_bytree': 0.9, 'reg_alpha': 0.0, 'reg_lambda': 1.0}",11.0,51.0,9.0,3900.0,0.8992791991578886,,
0.702,0.747424220692293,0.7237472617743702,0.6985704010070131,0.7608907520032283,0.65764543696138,0.4659090909090909,0.5340909090909091,bench_logreg,,1,,,2.25,ok,UNSW-NB15,A,47,2.25,,,,,,,,,,,,,,,
0.905,0.9034558971267832,0.904237764454949,0.9038292709730082,0.9737281212169251,0.9648811828244289,0.08911483253588516,0.9108851674641149,bench_random_forest,,1,,,1.22,ok,UNSW-NB15,A,47,1.22,,,,,,,,,,,,,,,
0.9076666666666666,0.9060095213764014,0.9072498126477201,0.9065837754116581,0.9753690299475414,0.9696203515303017,0.08911483253588516,0.9108851674641149,bench_lightgbm,,1,,,0.41,ok,UNSW-NB15,A,47,0.41,,,,,,,,,,,,,,,
0.9063333333333333,0.9051591101098282,0.9049691589323803,0.9050631949151713,0.9752888647893008,0.9693690718986951,0.08313397129186603,0.9168660287081339,bench_optuna_xgboost,,26,,,11.47,ok,UNSW-NB15,A,47,11.47,,,,,,,,"{'n_estimators': 339, 'max_depth': 5, 'learning_rate': 0.08587429030012468, 'min_child_weight': 1, 'gamma': 0.6329163475995171, 'subsample': 0.6504835009254731, 'colsample_bytree': 0.866602943565178}",,,,,,10.77,
0.7006666666666667,0.7105452208106473,0.6805661641782441,0.6801386778115501,0.6132524265723179,0.5619087163905072,0.14413875598086123,0.8558612440191388,bench_quantum_kernel_classifier,3.0,1,0.0,,1.95,ok,UNSW-NB15,A,47,1.95,,,,,,,,,,,,,,,"analytic (shot-free) quantum feature map, classical simulate-only deployment"
0.9103333333333333,0.9094910358678114,0.9086351386406872,0.909045324168889,0.9774632321150631,0.9730805754977284,0.07655502392344497,0.9234449760765551,1_xgboost_default,0.0,1,0.0,0.0,0.43,ok,UNSW-NB15,A,48,0.43,,,,,,,,,,,,,,,
0.888,0.8861554378830444,0.8872823831210007,0.8866782146962167,0.9639209499481179,0.9540969950295863,0.10645933014354067,0.8935406698564593,2_sho_xgboost,0.0,61,0.0,0.0,4.48,ok,UNSW-NB15,A,48,4.48,,,,,,,,,,,,,,,
0.8763333333333333,0.8744585090418132,0.8785975240675621,0.8755165977310467,0.9548908853115813,0.9404720805343767,0.14114832535885166,0.8588516746411483,3_qrl_sho_xgboost_reproduction,8.0,142,2138103808.0,22.0,54.82,ok,UNSW-NB15,A,48,54.83,60.0,81.0,80.0,43.76,8.01,3.04,"[1, 2, 9, 14, 31, 35, 39, 40]","{'n_estimators': 50, 'max_depth': 9}",,,,,,,
0.899,0.8984723019878267,0.8965311004784688,0.8974141481125275,0.9722103876030437,0.9655968401384553,0.0819377990430622,0.9180622009569378,4_classical_actor_critic,0.0,61,0.0,60.0,4.34,ok,UNSW-NB15,A,48,4.34,,,60.0,,,,,"{'n_estimators': 125.0, 'max_depth': 2.0, 'learning_rate': 0.18, 'min_child_weight': 4.0, 'gamma': 0.0, 'subsample': 0.9, 'colsample_bytree': 0.9, 'reg_alpha': 0.0, 'reg_lambda': 1.0}",0.0,51.0,9.0,0.0,0.8995387196525717,,
0.8943333333333333,0.8926680178485462,0.8934289790741915,0.8930311540296266,0.9661063512422897,0.9561012002398185,0.09868421052631579,0.9013157894736842,5_vqc_actor_critic_ordinary_grad,4.0,61,1966080.0,60.0,6.77,ok,UNSW-NB15,A,48,6.77,,,60.0,,,,,"{'n_estimators': 100.0, 'max_depth': 3.0, 'learning_rate': 0.039999999999999994, 'min_child_weight': 4.0, 'gamma': 0.75, 'subsample': 0.9, 'colsample_bytree': 0.9, 'reg_alpha': 0.0, 'reg_lambda': 1.0}",11.0,51.0,9.0,3900.0,0.8854260148097044,,
0.9036666666666666,0.9029608392449038,0.9015697959301321,0.9022192398025213,0.9746241244883842,0.9694534886781316,0.08014354066985646,0.9198564593301436,6_qnac_fixed_shots,4.0,61,1966080.0,58.0,7.41,ok,UNSW-NB15,A,48,7.41,,,60.0,,,,,"{'n_estimators': 250.0, 'max_depth': 5.0, 'learning_rate': 0.06, 'min_child_weight': 1.0, 'gamma': 0.75, 'subsample': 0.9, 'colsample_bytree': 0.9, 'reg_alpha': 0.0, 'reg_lambda': 1.0}",11.0,51.0,9.0,3900.0,0.8979223188646077,,
0.913,0.9124512880120719,0.9110274831382947,0.9116928082645608,0.9767361161151784,0.9710214001942856,0.07177033492822966,0.9282296650717703,7_sf_qnac_ids,4.0,61,153600.0,39.0,7.72,ok,UNSW-NB15,A,48,7.72,,,60.0,,,,,"{'n_estimators': 275.0, 'max_depth': 4.0, 'learning_rate': 0.1, 'min_child_weight': 3.0, 'gamma': 0.75, 'subsample': 0.9, 'colsample_bytree': 0.9, 'reg_alpha': 0.0, 'reg_lambda': 1.0}",11.0,51.0,9.0,3900.0,0.9127521119574066,,
0.7053333333333334,0.7448418533350019,0.7255757479679483,0.7027439024390244,0.7547855897273305,0.6383193130205633,0.45095693779904306,0.5490430622009569,bench_logreg,,1,,,2.4,ok,UNSW-NB15,A,48,2.4,,,,,,,,,,,,,,,
0.9056666666666666,0.9043860680064788,0.9044485357698737,0.9044171976540896,0.9749157365106358,0.9697130198735187,0.08492822966507177,0.9150717703349283,bench_random_forest,,1,,,1.25,ok,UNSW-NB15,A,48,1.25,,,,,,,,,,,,,,,
0.904,0.9024635856860277,0.9031857093445552,0.9028096995919808,0.9760995236928575,0.971795229671657,0.08971291866028708,0.9102870813397129,bench_lightgbm,,1,,,0.44,ok,UNSW-NB15,A,48,0.44,,,,,,,,,,,,,,,
0.918,0.9180100780770115,0.9155905920332046,0.9166771666985054,0.9785299241223266,0.9742562702935302,0.06339712918660287,0.9366028708133971,bench_optuna_xgboost,,26,,,10.54,ok,UNSW-NB15,A,48,10.54,,,,,,,,"{'n_estimators': 252, 'max_depth': 9, 'learning_rate': 0.09795222068296161, 'min_child_weight': 4, 'gamma': 1.3846400039873692, 'subsample': 0.9623365641035588, 'colsample_bytree': 0.9991340498315837}",,,,,,10.04,
0.7376666666666667,0.7348710754848984,0.7369213696892835,0.7354761446202671,0.82760865531504,0.6853388916219763,0.2565789473684211,0.743421052631579,bench_quantum_kernel_classifier,3.0,1,0.0,,1.99,ok,UNSW-NB15,A,48,1.99,,,,,,,,,,,,,,,"analytic (shot-free) quantum feature map, classical simulate-only deployment"
0.998,0.9973654916512059,0.9959683148621767,0.9966651820551222,0.9999511579994317,0.9997980099208856,0.0008169934640522876,0.9991830065359477,1_xgboost_default,0.0,1,0.0,0.0,0.53,ok,CIC-IDS-2017,A,45,0.53,,,,,,,,,,,,,,,
0.9943333333333333,0.9915847886331663,0.9895122904234157,0.9905446977167669,0.9994346168419059,0.9982736374501358,0.0028594771241830064,0.997140522875817,2_sho_xgboost,0.0,61,0.0,0.0,4.79,ok,CIC-IDS-2017,A,45,4.79,,,,,,,,,,,,,,,
0.9173333333333333,0.8920789695437583,0.8181567917021881,0.8485192759221389,0.9662716384863124,0.8819873142130535,0.024918300653594773,0.9750816993464052,3_qrl_sho_xgboost_reproduction,8.0,142,2138103808.0,34.0,57.91,ok,CIC-IDS-2017,A,45,57.92,60.0,81.0,80.0,47.09,7.49,3.33,"[0, 11, 15, 39, 48, 56, 68, 69]","{'n_estimators': 50, 'max_depth': 5}",,,,,,,
0.998,0.9973654916512059,0.9959683148621767,0.9966651820551222,0.9998501438618925,0.9994691516410376,0.0008169934640522876,0.9991830065359477,4_classical_actor_critic,0.0,61,0.0,7.0,5.99,ok,CIC-IDS-2017,A,45,5.99,,,60.0,,,,,"{'n_estimators': 225.0, 'max_depth': 6.0, 'learning_rate': 0.21999999999999997, 'min_child_weight': 6.0, 'gamma': 0.75, 'subsample': 0.9, 'colsample_bytree': 0.9, 'reg_alpha': 0.0, 'reg_lambda': 1.0}",0.0,51.0,9.0,0.0,0.9933308641060781,,
0.981,0.9830876420339154,0.9532804063654448,0.9673681496729467,0.9910323126835275,0.9763526567790912,0.0028594771241830064,0.997140522875817,5_vqc_actor_critic_ordinary_grad,4.0,61,1966080.0,21.0,6.06,ok,CIC-IDS-2017,A,45,6.06,,,60.0,,,,,"{'n_estimators': 100.0, 'max_depth': 3.0, 'learning_rate': 0.019999999999999993, 'min_child_weight': 1.0, 'gamma': 0.5, 'subsample': 0.9, 'colsample_bytree': 0.9, 'reg_alpha': 0.0, 'reg_lambda': 1.0}",11.0,51.0,9.0,3900.0,0.9636052178790429,,
0.995,0.9955082202088371,0.9878161409491333,0.9916097231003527,0.9996092639954532,0.99872457614671,0.0008169934640522876,0.9991830065359477,6_qnac_fixed_shots,4.0,61,1966080.0,60.0,7.65,ok,CIC-IDS-2017,A,45,7.65,,,60.0,,,,,"{'n_estimators': 50.0, 'max_depth': 10.0, 'learning_rate': 0.06, 'min_child_weight': 2.0, 'gamma': 0.75, 'subsample': 0.9, 'colsample_bytree': 0.9, 'reg_alpha': 0.0, 'reg_lambda': 1.0}",11.0,51.0,9.0,3900.0,0.9899538327863097,,
0.997,0.9981684981684982,0.9918478260869565,0.9949729797662437,0.9991552553992612,0.9976042150733412,0.0,1.0,7_sf_qnac_ids,4.0,61,153600.0,10.0,7.14,ok,CIC-IDS-2017,A,45,7.14,,,60.0,,,,,"{'n_estimators': 50.0, 'max_depth': 9.0, 'learning_rate': 0.1, 'min_child_weight': 3.0, 'gamma': 0.75, 'subsample': 0.9, 'colsample_bytree': 0.9, 'reg_alpha': 0.0, 'reg_lambda': 1.0}",11.0,51.0,9.0,3900.0,0.9900103413993289,,
0.7476666666666667,0.6876988676530083,0.7976786729184427,0.6920416984490212,0.8906605214549588,0.7576893410388134,0.28145424836601307,0.7185457516339869,bench_logreg,,1,,,2.84,ok,CIC-IDS-2017,A,45,2.84,,,,,,,,,,,,,,,
0.996,0.9954190064214514,0.9912350809889173,0.9933115289176047,0.9997905714218055,0.999152686179773,0.0012254901960784314,0.9987745098039216,bench_random_forest,,1,,,1.05,ok,CIC-IDS-2017,A,45,1.05,,,,,,,,,,,,,,,
0.9983333333333333,0.9982732597155616,0.9961725632281898,0.9972190287402256,0.9999541181206781,0.9998074230481501,0.0004084967320261438,0.9995915032679739,bench_lightgbm,,1,,,0.65,ok,CIC-IDS-2017,A,45,0.65,,,,,,,,,,,,,,,
0.9973333333333333,0.9962523191094619,0.9948582693947143,0.9955535760734964,0.9998564341195415,0.9994898054206764,0.0012254901960784314,0.9987745098039216,bench_optuna_xgboost,,26,,,11.86,ok,CIC-IDS-2017,A,45,11.86,,,,,,,,"{'n_estimators': 160, 'max_depth': 9, 'learning_rate': 0.10320790646036862, 'min_child_weight': 4, 'gamma': 0.32538086334488203, 'subsample': 0.5078908498680275, 'colsample_bytree': 0.6416197656707081}",,,,,,11.37,
0.8593333333333333,0.790065358870762,0.6851023017902813,0.7174185357369574,0.4998490338164251,0.4418922642076812,0.0392156862745098,0.9607843137254902,bench_quantum_kernel_classifier,3.0,1,0.0,,3.52,ok,CIC-IDS-2017,A,45,3.52,,,,,,,,,,,,,,,"analytic (shot-free) quantum feature map, classical simulate-only deployment"
0.997,0.9947007124426479,0.9953860037582187,0.9950429382524522,0.999901524966728,0.99955999555842,0.002046663937781416,0.9979533360622186,1_xgboost_default,0.0,1,0.0,0.0,0.51,ok,CIC-IDS-2017,A,46,0.51,,,,,,,,,,,,,,,
0.9956666666666667,0.9924990973378071,0.9931813388342172,0.9928397996979864,0.9996318209576918,0.9985986048804992,0.0028653295128939827,0.997134670487106,2_sho_xgboost,0.0,61,0.0,0.0,4.64,ok,CIC-IDS-2017,A,46,4.65,,,,,,,,,,,,,,,
0.9403333333333334,0.9275556988322946,0.868423760114819,0.8942005134722938,0.9657795584938025,0.902617539204747,0.017191977077363897,0.9828080229226361,3_qrl_sho_xgboost_reproduction,8.0,142,2138103808.0,41.0,55.0,ok,CIC-IDS-2017,A,46,55.01,60.0,81.0,80.0,43.96,7.79,3.25,"[10, 32, 51, 63, 66, 69, 72, 75]","{'n_estimators': 100, 'max_depth': 4}",,,,,,,
0.9966666666666667,0.9958571997596792,0.9931023383411073,0.99447300060797,0.9998339152423918,0.9993085448113128,0.0012279983626688497,0.9987720016373312,4_classical_actor_critic,0.0,61,0.0,50.0,9.08,ok,CIC-IDS-2017,A,46,9.08,,,60.0,,,,,"{'n_estimators': 200.0, 'max_depth': 7.0, 'learning_rate': 0.039999999999999994, 'min_child_weight': 1.0, 'gamma': 0.0, 'subsample': 0.9, 'colsample_bytree': 0.9, 'reg_alpha': 0.0, 'reg_lambda': 1.0}",0.0,51.0,9.0,0.0,0.9950226091744763,,
0.9943333333333333,0.9916381567489543,0.9895906745613268,0.9906106380734208,0.9995017457271758,0.9980575467890276,0.0028653295128939827,0.997134670487106,5_vqc_actor_critic_ordinary_grad,4.0,61,1966080.0,49.0,7.35,ok,CIC-IDS-2017,A,46,7.35,,,60.0,,,,,"{'n_estimators': 175.0, 'max_depth': 4.0, 'learning_rate': 0.06, 'min_child_weight': 3.0, 'gamma': 0.0, 'subsample': 0.9, 'colsample_bytree': 0.9, 'reg_alpha': 0.0, 'reg_lambda': 1.0}",11.0,51.0,9.0,3900.0,0.9933495550118782,,
0.9976666666666667,0.9964838276678167,0.995795336545775,0.9961391601128909,0.9997291936585019,0.9989621911169808,0.0012279983626688497,0.9987720016373312,6_qnac_fixed_shots,4.0,61,1966080.0,34.0,7.68,ok,CIC-IDS-2017,A,46,7.68,,,60.0,,,,,"{'n_estimators': 175.0, 'max_depth': 4.0, 'learning_rate': 0.06, 'min_child_weight': 2.0, 'gamma': 0.5, 'subsample': 0.9, 'colsample_bytree': 0.9, 'reg_alpha': 0.0, 'reg_lambda': 1.0}",11.0,51.0,9.0,3900.0,0.9955787349082525,,
0.9953333333333333,0.993640217825865,0.9908976734171058,0.9922622008511579,0.9993595448395776,0.9976053295740788,0.002046663937781416,0.9979533360622186,7_sf_qnac_ids,4.0,61,153600.0,30.0,7.5,ok,CIC-IDS-2017,A,46,7.5,,,60.0,,,,,"{'n_estimators': 125.0, 'max_depth': 4.0, 'learning_rate': 0.06, 'min_child_weight': 2.0, 'gamma': 0.0, 'subsample': 0.9, 'colsample_bytree': 0.9, 'reg_alpha': 0.0, 'reg_lambda': 1.0}",11.0,51.0,9.0,3900.0,0.9928104354742435,,
0.8636666666666667,0.7795778399547395,0.8733254651291823,0.8093773007359715,0.9217252090940959,0.7585375409820609,0.14203847728203028,0.8579615227179697,bench_logreg,,1,,,2.96,ok,CIC-IDS-2017,A,46,2.96,,,,,,,,,,,,,,,
0.994,0.9921053743184929,0.9880000088186597,0.9900375179693657,0.9995583321268917,0.9970300297697878,0.0024559967253376994,0.9975440032746623,bench_random_forest,,1,,,1.0,ok,CIC-IDS-2017,A,46,1.0,,,,,,,,,,,,,,,
0.998,0.9960125142999108,0.9973860022884422,0.9966975773427387,0.9999147529562719,0.9996162693925207,0.001637331150225133,0.9983626688497749,bench_lightgbm,,1,,,0.65,ok,CIC-IDS-2017,A,46,0.65,,,,,,,,,,,,,,,
0.9973333333333333,0.995590670151997,0.995590670151997,0.995590670151997,0.9999110785147319,0.9996032530683667,0.001637331150225133,0.9983626688497749,bench_optuna_xgboost,,26,,,11.23,ok,CIC-IDS-2017,A,46,11.23,,,,,,,,"{'n_estimators': 174, 'max_depth': 9, 'learning_rate': 0.2139716439451415, 'min_child_weight': 4, 'gamma': 0.010018071159722754, 'subsample': 0.7862058444053612, 'colsample_bytree': 0.9918825845271505}",,,,,,10.74,
0.803,0.668847130346032,0.6565892657804404,0.6621590078259827,0.5082531631429996,0.43327288650286694,0.11051985264019648,0.8894801473598035,bench_quantum_kernel_classifier,3.0,1,0.0,,3.58,ok,CIC-IDS-2017,A,46,3.58,,,,,,,,,,,,,,,"analytic (shot-free) quantum feature map, classical simulate-only deployment"
0.9963333333333333,0.9963347573372023,0.9914539041421351,0.9938732304543519,0.9983982305528193,0.9966820822056154,0.0008173273395995096,0.9991826726604005,1_xgboost_default,0.0,1,0.0,0.0,0.59,ok,CIC-IDS-2017,A,47,0.59,,,,,,,,,,,,,,,
0.991,0.989453477868112,0.9804864945155563,0.9848975015806349,0.9973580965288714,0.9937364441614422,0.0028606456885982836,0.9971393543114018,2_sho_xgboost,0.0,61,0.0,0.0,5.36,ok,CIC-IDS-2017,A,47,5.36,,,,,,,,,,,,,,,
0.916,0.9144186530113592,0.7945463722416126,0.8379517096094636,0.8823551146881703,0.778901705338651,0.013077237433592154,0.9869227625664079,3_qrl_sho_xgboost_reproduction,8.0,142,2138103808.0,11.0,61.79,ok,CIC-IDS-2017,A,47,61.79,60.0,81.0,80.0,42.8,16.25,2.74,"[7, 9, 42, 54, 66, 68, 74, 76]","{'n_estimators': 100, 'max_depth': 5}",,,,,,,
0.994,0.9934677558986951,0.9865244448122992,0.9899530846262845,0.9982415638294964,0.99595214076926,0.0016346546791990192,0.998365345320801,4_classical_actor_critic,0.0,61,0.0,13.0,5.1,ok,CIC-IDS-2017,A,47,5.1,,,60.0,,,,,"{'n_estimators': 125.0, 'max_depth': 4.0, 'learning_rate': 0.12000000000000001, 'min_child_weight': 1.0, 'gamma': 0.25, 'subsample': 0.9, 'colsample_bytree': 0.9, 'reg_alpha': 0.0, 'reg_lambda': 1.0}",0.0,51.0,9.0,0.0,0.985570493132364,,
0.9963333333333333,0.9963347573372023,0.9914539041421351,0.9938732304543519,0.9978244017289501,0.9958560691501477,0.0008173273395995096,0.9991826726604005,5_vqc_actor_critic_ordinary_grad,4.0,61,1966080.0,60.0,8.27,ok,CIC-IDS-2017,A,47,8.27,,,60.0,,,,,"{'n_estimators': 225.0, 'max_depth': 6.0, 'learning_rate': 0.14, 'min_child_weight': 2.0, 'gamma': 1.0, 'subsample': 0.9, 'colsample_bytree': 0.9, 'reg_alpha': 0.0, 'reg_lambda': 1.0}",11.0,51.0,9.0,3900.0,0.9955663700079187,,
0.9963333333333333,0.9963347573372023,0.9914539041421351,0.9938732304543519,0.9980701172266147,0.9961945315539285,0.0008173273395995096,0.9991826726604005,6_qnac_fixed_shots,4.0,61,1966080.0,15.0,7.47,ok,CIC-IDS-2017,A,47,7.47,,,60.0,,,,,"{'n_estimators': 150, 'max_depth': 5, 'learning_rate': 0.12000000000000001, 'min_child_weight': 2.0, 'gamma': 0.0, 'subsample': 0.9, 'colsample_bytree': 0.9, 'reg_alpha': 0.0, 'reg_lambda': 1.0}",11.0,51.0,9.0,3900.0,0.9888533801632511,,
0.9963333333333333,0.9963347573372023,0.9914539041421351,0.9938732304543519,0.9980701172266147,0.9961945315539285,0.0008173273395995096,0.9991826726604005,7_sf_qnac_ids,4.0,61,153600.0,15.0,7.83,ok,CIC-IDS-2017,A,47,7.83,,,60.0,,,,,"{'n_estimators': 150, 'max_depth': 5, 'learning_rate': 0.12000000000000001, 'min_child_weight': 2.0, 'gamma': 0.0, 'subsample': 0.9, 'colsample_bytree': 0.9, 'reg_alpha': 0.0, 'reg_lambda': 1.0}",11.0,51.0,9.0,3900.0,0.9888533801632511,,
0.7493333333333333,0.6830584249786438,0.7861573126040595,0.6898288614244444,0.8721909915156101,0.7250129347415121,0.2721700040866367,0.7278299959133633,bench_logreg,,1,,,3.39,ok,CIC-IDS-2017,A,47,3.39,,,,,,,,,,,,,,,
0.995,0.9940957575431904,0.9892369222083209,0.9916453142559345,0.996825281870778,0.995259493476147,0.0016346546791990192,0.998365345320801,bench_random_forest,,1,,,1.09,ok,CIC-IDS-2017,A,47,1.09,,,,,,,,,,,,,,,
0.997,0.9974542572342083,0.9925623951090423,0.9949871885535606,0.9974512097700916,0.9959326677483935,0.0004086636697997548,0.9995913363302003,bench_lightgbm,,1,,,0.67,ok,CIC-IDS-2017,A,47,0.67,,,,,,,,,,,,,,,
0.9963333333333333,0.9970450517340487,0.9907540768450278,0.9938645641581596,0.9988512338612953,0.9969283133214579,0.0004086636697997548,0.9995913363302003,bench_optuna_xgboost,,26,,,14.33,ok,CIC-IDS-2017,A,47,14.33,,,,,,,,"{'n_estimators': 352, 'max_depth': 4, 'learning_rate': 0.09260439983205421, 'min_child_weight': 2, 'gamma': 0.6083178776191533, 'subsample': 0.6769430293830447, 'colsample_bytree': 0.5029340990204434}",,,,,,13.51,
0.8006666666666666,0.6558937110439882,0.6314703541480841,0.6412,0.45861338125955614,0.36587115887583227,0.10053126277073968,0.8994687372292604,bench_quantum_kernel_classifier,3.0,1,0.0,,3.93,ok,CIC-IDS-2017,A,47,3.93,,,,,,,,,,,,,,,"analytic (shot-free) quantum feature map, classical simulate-only deployment"
0.9983333333333333,0.9962046693333313,0.9982798114360438,0.9972384229627708,0.9999734333812518,0.9998869804030683,0.001635322976287817,0.9983646770237122,1_xgboost_default,0.0,1,0.0,0.0,0.64,ok,CIC-IDS-2017,A,48,0.64,,,,,,,,,,,,,,,
0.994,0.99139146567718,0.9886412945618132,0.9900095907928389,0.9995325013061922,0.9982995615331456,0.0028618152085036794,0.9971381847914963,2_sho_xgboost,0.0,61,0.0,0.0,8.33,ok,CIC-IDS-2017,A,48,8.33,,,,,,,,,,,,,,,
0.918,0.8753437095101312,0.8429027278013761,0.8577951386747895,0.9352914653261349,0.8518213877076696,0.03802125919869174,0.9619787408013083,3_qrl_sho_xgboost_reproduction,8.0,142,2138103808.0,16.0,60.64,ok,CIC-IDS-2017,A,48,60.65,60.0,81.0,80.0,50.51,7.43,2.7,"[13, 22, 34, 42, 46, 48, 58, 66]","{'n_estimators': 120, 'max_depth': 4}",,,,,,,
0.996,0.9933583453129105,0.9933583453129105,0.9933583453129105,0.9998848779854238,0.9994982167259583,0.0024529844644317253,0.9975470155355682,4_classical_actor_critic,0.0,61,0.0,60.0,5.03,ok,CIC-IDS-2017,A,48,5.03,,,60.0,,,,,"{'n_estimators': 150.0, 'max_depth': 3.0, 'learning_rate': 0.21999999999999997, 'min_child_weight': 2.0, 'gamma': 0.0, 'subsample': 0.9, 'colsample_bytree': 0.9, 'reg_alpha': 0.0, 'reg_lambda': 1.0}",0.0,51.0,9.0,0.0,0.9938994878201355,,
0.9956666666666667,0.9931447223636575,0.9924558182370982,0.9927998462490245,0.9998675358870741,0.999434489128834,0.0024529844644317253,0.9975470155355682,5_vqc_actor_critic_ordinary_grad,4.0,61,1966080.0,60.0,9.25,ok,CIC-IDS-2017,A,48,9.25,,,60.0,,,,,"{'n_estimators': 150.0, 'max_depth': 5, 'learning_rate': 0.1, 'min_child_weight': 2.0, 'gamma': 0.25, 'subsample': 0.9, 'colsample_bytree': 0.9, 'reg_alpha': 0.0, 'reg_lambda': 1.0}",11.0,51.0,9.0,3900.0,0.9821147877807228,,
0.9983333333333333,0.9968882993422872,0.9975816997322675,0.9972345739464787,0.9999321075298654,0.9997303849799801,0.0012264922322158627,0.9987735077677842,6_qnac_fixed_shots,4.0,61,1966080.0,42.0,9.57,ok,CIC-IDS-2017,A,48,9.57,,,60.0,,,,,"{'n_estimators': 150.0, 'max_depth': 8.0, 'learning_rate': 0.1, 'min_child_weight': 2.0, 'gamma': 0.75, 'subsample': 0.9, 'colsample_bytree': 0.9, 'reg_alpha': 0.0, 'reg_lambda': 1.0}",11.0,51.0,9.0,3900.0,0.9966794232678635,,
0.998,0.9959937123950594,0.9973772843602315,0.996683800364782,0.999918824220491,0.9996853785305923,0.001635322976287817,0.9983646770237122,7_sf_qnac_ids,4.0,61,153600.0,42.0,9.37,ok,CIC-IDS-2017,A,48,9.37,,,60.0,,,,,"{'n_estimators': 100.0, 'max_depth': 8.0, 'learning_rate': 0.1, 'min_child_weight': 2.0, 'gamma': 0.75, 'subsample': 0.9, 'colsample_bytree': 0.9, 'reg_alpha': 0.0, 'reg_lambda': 1.0}",11.0,51.0,9.0,3900.0,0.9966794232678635,,
0.8706666666666667,0.7877026101849385,0.885781250461226,0.8188942466871961,0.9255824731160578,0.7473114156628627,0.1381847914963205,0.8618152085036794,bench_logreg,,1,,,3.25,ok,CIC-IDS-2017,A,48,3.25,,,,,,,,,,,,,,,
0.997,0.9953617042974716,0.9946697031327947,0.9950152781724015,0.9998804502156324,0.9994857966517843,0.001635322976287817,0.9983646770237122,bench_random_forest,,1,,,1.08,ok,CIC-IDS-2017,A,48,1.08,,,,,,,,,,,,,,,
0.998,0.9959937123950594,0.9973772843602315,0.996683800364782,0.9999549843404543,0.9998116500388312,0.001635322976287817,0.9983646770237122,bench_lightgbm,,1,,,0.82,ok,CIC-IDS-2017,A,48,0.82,,,,,,,,,,,,,,,
0.9986666666666667,0.9970975756219902,0.9984842268080798,0.9977892002431881,0.9999387491845524,0.9997648045610913,0.0012264922322158627,0.9987735077677842,bench_optuna_xgboost,,26,,,14.13,ok,CIC-IDS-2017,A,48,14.14,,,,,,,,"{'n_estimators': 247, 'max_depth': 9, 'learning_rate': 0.082747392656205, 'min_child_weight': 2, 'gamma': 0.07408309221304687, 'subsample': 0.8760573212912203, 'colsample_bytree': 0.9974115080033488}",,,,,,13.28,
0.8273333333333334,0.7077077989780021,0.6546605228900939,0.6732823143553949,0.4690074563643287,0.3923432271864351,0.07154538021259199,0.9284546197874081,bench_quantum_kernel_classifier,3.0,1,0.0,,3.66,ok,CIC-IDS-2017,A,48,3.66,,,,,,,,,,,,,,,"analytic (shot-free) quantum feature map, classical simulate-only deployment"
0.6633230452674898,0.8185076605637354,0.5482780092382936,0.48280297367924974,0.8633759962865682,0.7979281599396518,0.000819672131147541,0.9991803278688525,1_xgboost_default,0.0,1,0.0,0.0,0.55,ok,CIC-IDS-2017,B,45,0.55,,,,,,,,,,,,,,,
0.6610082304526749,0.8069827717639884,0.5455914319355131,0.4785161497266994,0.8179040055248619,0.7343346392757993,0.0020491803278688526,0.9979508196721312,2_sho_xgboost,0.0,61,0.0,0.0,5.3,ok,CIC-IDS-2017,B,45,5.3,,,,,,,,,,,,,,,
0.6715534979423868,0.8001900060998268,0.5605912055067476,0.5068330033121315,0.8645987116203242,0.8007958536752481,0.004508196721311476,0.9954918032786885,3_qrl_sho_xgboost_reproduction,8.0,142,2155806720.0,19.0,57.42,ok,CIC-IDS-2017,B,45,57.43,60.0,81.0,80.0,46.78,7.41,3.23,"[6, 9, 23, 38, 40, 61, 66, 73]","{'n_estimators': 80, 'max_depth': 7}",,,,,,,
0.7451131687242798,0.8545537200006862,0.6579442532379314,0.6557411543395957,0.7457158262385655,0.7519667322100593,0.0004098360655737705,0.9995901639344262,4_classical_actor_critic,0.0,61,0.0,60.0,5.6,ok,CIC-IDS-2017,B,45,5.6,,,60.0,,,,,"{'n_estimators': 225.0, 'max_depth': 6.0, 'learning_rate': 0.21999999999999997, 'min_child_weight': 6.0, 'gamma': 0.75, 'subsample': 0.9, 'colsample_bytree': 0.9, 'reg_alpha': 0.0, 'reg_lambda': 1.0}",0.0,51.0,9.0,0.0,0.9941895856219752,,
0.6682098765432098,0.8270777479892761,0.5545580110497238,0.4938429834635514,0.8069551840865863,0.7696443685613239,0.0,1.0,5_vqc_actor_critic_ordinary_grad,4.0,61,1966080.0,33.0,5.8,ok,CIC-IDS-2017,B,45,5.8,,,60.0,,,,,"{'n_estimators': 150.0, 'max_depth': 3.0, 'learning_rate': 0.06, 'min_child_weight': 1.0, 'gamma': 0.5, 'subsample': 0.9, 'colsample_bytree': 0.9, 'reg_alpha': 0.0, 'reg_lambda': 1.0}",11.0,51.0,9.0,3900.0,0.9185981043064549,,
0.7474279835390947,0.855510571300045,0.6610519880445612,0.6599485560788616,0.7949135608187663,0.7740216157224127,0.0004098360655737705,0.9995901639344262,6_qnac_fixed_shots,4.0,61,1966080.0,60.0,7.45,ok,CIC-IDS-2017,B,45,7.45,,,60.0,,,,,"{'n_estimators': 50.0, 'max_depth': 9.0, 'learning_rate': 0.06, 'min_child_weight': 2.0, 'gamma': 0.75, 'subsample': 0.9, 'colsample_bytree': 0.9, 'reg_alpha': 0.0, 'reg_lambda': 1.0}",11.0,51.0,9.0,3900.0,0.9821401750779254,,
0.746656378600823,0.8512299610906986,0.660577619780817,0.6595069729107608,0.5739195102345802,0.6832508818120345,0.0020491803278688526,0.9979508196721312,7_sf_qnac_ids,4.0,61,153600.0,60.0,7.89,ok,CIC-IDS-2017,B,45,7.89,,,60.0,,,,,"{'n_estimators': 50.0, 'max_depth': 10.0, 'learning_rate': 0.1, 'min_child_weight': 2.0, 'gamma': 1.0, 'subsample': 0.9, 'colsample_bytree': 0.9, 'reg_alpha': 0.0, 'reg_lambda': 1.0}",11.0,51.0,9.0,3900.0,0.9871658493421669,,
0.739454732510288,0.7318225734678494,0.6903575310207408,0.6984974801070654,0.6161355968662259,0.6507246891317636,0.11721311475409836,0.8827868852459017,bench_logreg,,1,,,3.0,ok,CIC-IDS-2017,B,45,3.0,,,,,,,,,,,,,,,
0.7451131687242798,0.8525266825369299,0.6582250249071642,0.6562274408090996,0.8046335816502128,0.7568156412166284,0.0012295081967213116,0.9987704918032787,bench_random_forest,,1,,,1.1,ok,CIC-IDS-2017,B,45,1.1,,,,,,,,,,,,,,,
0.6286008230452675,0.6642083548220732,0.5018023729734625,0.3905244275614646,0.8703013200797028,0.8133444087369451,0.0012295081967213116,0.9987704918032787,bench_lightgbm,,1,,,0.63,ok,CIC-IDS-2017,B,45,0.63,,,,,,,,,,,,,,,
0.6638374485596708,0.8187780408486647,0.5489686169731003,0.48407470456171514,0.8371244112852099,0.7833977536049767,0.000819672131147541,0.9991803278688525,bench_optuna_xgboost,,26,,,11.83,ok,CIC-IDS-2017,B,45,11.83,,,,,,,,"{'n_estimators': 174, 'max_depth': 5, 'learning_rate': 0.11364325421487807, 'min_child_weight': 4, 'gamma': 0.14698440149731418, 'subsample': 0.8280692831008729, 'colsample_bytree': 0.8264728971933256}",,,,,,11.36,
0.6949588477366255,0.6929575549936101,0.6205121818675845,0.6174588378804656,0.6470912394710624,0.6051581474091954,0.08770491803278689,0.9122950819672131,bench_quantum_kernel_classifier,3.0,1,0.0,,3.99,ok,CIC-IDS-2017,B,45,3.99,,,,,,,,,,,,,,,"analytic (shot-free) quantum feature map, classical simulate-only deployment"
0.6718186501803194,0.820001759409809,0.5598959930230498,0.504012692350893,0.8129617516868912,0.7866610456235498,0.0012315270935960591,0.9987684729064039,1_xgboost_default,0.0,1,0.0,0.0,0.5,ok,CIC-IDS-2017,B,46,0.5,,,,,,,,,,,,,,,
0.7434312210200927,0.8538500735313088,0.6557421867015514,0.6527225349273932,0.8644563622654193,0.7800150634449291,0.00041050903119868636,0.9995894909688013,2_sho_xgboost,0.0,61,0.0,0.0,5.34,ok,CIC-IDS-2017,B,46,5.34,,,,,,,,,,,,,,,
0.6883049974240082,0.7483751095693691,0.5907386777861809,0.5644682849106316,0.8030222378931063,0.7251911002878776,0.026683087027914613,0.9733169129720853,3_qrl_sho_xgboost_reproduction,8.0,142,2155913216.0,41.0,58.19,ok,CIC-IDS-2017,B,46,58.2,60.0,81.0,80.0,45.11,9.54,3.54,"[14, 31, 34, 41, 52, 64, 66, 77]","{'n_estimators': 50, 'max_depth': 5}",,,,,,,
0.7436888201957754,0.8529232949717338,0.6562284951181789,0.653441463656883,0.6646358393121163,0.7135906498087915,0.0008210180623973727,0.9991789819376026,4_classical_actor_critic,0.0,61,0.0,60.0,8.94,ok,CIC-IDS-2017,B,46,8.94,,,60.0,,,,,"{'n_estimators': 200.0, 'max_depth': 7.0, 'learning_rate': 0.039999999999999994, 'min_child_weight': 1.0, 'gamma': 0.0, 'subsample': 0.9, 'colsample_bytree': 0.9, 'reg_alpha': 0.0, 'reg_lambda': 1.0}",0.0,51.0,9.0,0.0,0.9965821637885224,,
0.657908294693457,0.815473491454482,0.5410832669024113,0.4693646987523221,0.77560784293686,0.7899667629570453,0.0008210180623973727,0.9991789819376026,5_vqc_actor_critic_ordinary_grad,4.0,61,1966080.0,60.0,8.02,ok,CIC-IDS-2017,B,46,8.02,,,60.0,,,,,"{'n_estimators': 150.0, 'max_depth': 4.0, 'learning_rate': 0.08, 'min_child_weight': 3.0, 'gamma': 0.0, 'subsample': 0.9, 'colsample_bytree': 0.9, 'reg_alpha': 0.0, 'reg_lambda': 1.0}",11.0,51.0,9.0,3900.0,0.9954517515196672,,
0.7416280267903143,0.8510140344890449,0.6536027703397856,0.6499072313677113,0.7659621582214229,0.7237135239560709,0.0012315270935960591,0.9987684729064039,6_qnac_fixed_shots,4.0,61,1966080.0,29.0,10.68,ok,CIC-IDS-2017,B,46,10.68,,,60.0,,,,,"{'n_estimators': 175.0, 'max_depth': 7.0, 'learning_rate': 0.06, 'min_child_weight': 4.0, 'gamma': 0.0, 'subsample': 0.9, 'colsample_bytree': 0.9, 'reg_alpha': 0.0, 'reg_lambda': 1.0}",11.0,51.0,9.0,3900.0,0.9931509711496673,,
0.7284904688304997,0.8231049601183245,0.638918981528797,0.6309162948131989,0.8076603369921441,0.7392905483593275,0.009852216748768473,0.9901477832512315,7_sf_qnac_ids,4.0,61,153600.0,29.0,11.41,ok,CIC-IDS-2017,B,46,11.41,,,60.0,,,,,"{'n_estimators': 175.0, 'max_depth': 7.0, 'learning_rate': 0.06, 'min_child_weight': 4.0, 'gamma': 0.0, 'subsample': 0.9, 'colsample_bytree': 0.9, 'reg_alpha': 0.0, 'reg_lambda': 1.0}",11.0,51.0,9.0,3900.0,0.9943257255125975,,
0.7490984028851108,0.7470005515251792,0.6983405896340508,0.7074977325873384,0.6196034812074303,0.6303592507043618,0.10262725779967159,0.8973727422003284,bench_logreg,,1,,,4.05,ok,CIC-IDS-2017,B,46,4.05,,,,,,,,,,,,,,,
0.74317362184441,0.8547917273521701,0.6552558782849239,0.6520015051581338,0.7442902054702742,0.7135738502373277,0.0,1.0,bench_random_forest,,1,,,1.21,ok,CIC-IDS-2017,B,46,1.21,,,,,,,,,,,,,,,
0.7442040185471407,0.8531402833458448,0.6569200580504058,0.6543836575534296,0.8735487398565093,0.8050657793853091,0.0008210180623973727,0.9991789819376026,bench_lightgbm,,1,,,0.56,ok,CIC-IDS-2017,B,46,0.56,,,,,,,,,,,,,,,
0.7243688820195775,0.8448841263638822,0.6302948851596727,0.616912181627087,0.7781489676521154,0.7699881264972792,0.0008210180623973727,0.9991789819376026,bench_optuna_xgboost,,26,,,10.34,ok,CIC-IDS-2017,B,46,10.34,,,,,,,,"{'n_estimators': 232, 'max_depth': 2, 'learning_rate': 0.14717010239561612, 'min_child_weight': 2, 'gamma': 0.5357259757424904, 'subsample': 0.7148005818012619, 'colsample_bytree': 0.609486438687673}",,,,,,9.93,
0.6968057702215353,0.7012364760432767,0.6195748080316688,0.615051068701602,0.7621361345606588,0.6404616073970333,0.07758620689655173,0.9224137931034483,bench_quantum_kernel_classifier,3.0,1,0.0,,4.09,ok,CIC-IDS-2017,B,46,4.09,,,,,,,,,,,,,,,"analytic (shot-free) quantum feature map, classical simulate-only deployment"
0.6999485331960885,0.8331741013526033,0.5977963438014131,0.5675833631085988,0.8537148067658029,0.8057357881841838,0.0012305168170631665,0.9987694831829368,1_xgboost_default,0.0,1,0.0,0.0,0.47,ok,CIC-IDS-2017,B,47,0.47,,,,,,,,,,,,,,,
0.7375193000514668,0.8380018924863178,0.6497531034857845,0.6452307917031843,0.7995387828081164,0.7465677278465612,0.005742411812961444,0.9942575881870386,2_sho_xgboost,0.0,61,0.0,0.0,4.74,ok,CIC-IDS-2017,B,47,4.74,,,,,,,,,,,,,,,
0.7418939783839423,0.853199547498655,0.6538004387257013,0.6500235478137347,0.7046955094067685,0.6709477265230701,0.00041017227235438887,0.9995898277276456,3_qrl_sho_xgboost_reproduction,8.0,142,2155814912.0,31.0,56.68,ok,CIC-IDS-2017,B,47,56.69,60.0,81.0,80.0,41.15,12.45,3.08,"[1, 12, 14, 18, 27, 65, 68, 72]","{'n_estimators': 100, 'max_depth': 3}",,,,,,,
0.7465259907359753,0.8463920824944986,0.661277867919996,0.660633048883626,0.786642575655256,0.7634473876454649,0.004101722723543888,0.9958982772764561,4_classical_actor_critic,0.0,61,0.0,60.0,5.21,ok,CIC-IDS-2017,B,47,5.21,,,60.0,,,,,"{'n_estimators': 100.0, 'max_depth': 4.0, 'learning_rate': 0.08, 'min_child_weight': 1.0, 'gamma': 0.75, 'subsample': 0.9, 'colsample_bytree': 0.9, 'reg_alpha': 0.0, 'reg_lambda': 1.0}",0.0,51.0,9.0,0.0,0.9835667319178838,,
0.7488419969119917,0.8550839103970034,0.6632638608768169,0.6629144139404057,0.7201197431097858,0.7308542589542097,0.0008203445447087777,0.9991796554552912,5_vqc_actor_critic_ordinary_grad,4.0,61,1966080.0,60.0,6.99,ok,CIC-IDS-2017,B,47,6.99,,,60.0,,,,,"{'n_estimators': 225.0, 'max_depth': 6.0, 'learning_rate': 0.14, 'min_child_weight': 2.0, 'gamma': 1.0, 'subsample': 0.9, 'colsample_bytree': 0.9, 'reg_alpha': 0.0, 'reg_lambda': 1.0}",11.0,51.0,9.0,3900.0,0.9976711863008281,,
0.7442099845599588,0.8379341842744165,0.6592918749631751,0.6583597876297551,0.6872051178622094,0.6943075023641233,0.007383100902378999,0.992616899097621,6_qnac_fixed_shots,4.0,61,1966080.0,60.0,6.86,ok,CIC-IDS-2017,B,47,6.86,,,60.0,,,,,"{'n_estimators': 225.0, 'max_depth': 2.0, 'learning_rate': 0.039999999999999994, 'min_child_weight': 6.0, 'gamma': 0.0, 'subsample': 0.9, 'colsample_bytree': 0.9, 'reg_alpha': 0.0, 'reg_lambda': 1.0}",11.0,51.0,9.0,3900.0,0.9740715462326203,,
0.7475553268142049,0.8496985294342123,0.662238430195931,0.6617765698557565,0.6449781940182833,0.7050664626116989,0.002871205906480722,0.9971287940935193,7_sf_qnac_ids,4.0,61,153600.0,60.0,6.53,ok,CIC-IDS-2017,B,47,6.53,,,60.0,,,,,"{'n_estimators': 175.0, 'max_depth': 2.0, 'learning_rate': 0.06, 'min_child_weight': 4.0, 'gamma': 0.25, 'subsample': 0.9, 'colsample_bytree': 0.9, 'reg_alpha': 0.0, 'reg_lambda': 1.0}",11.0,51.0,9.0,3900.0,0.9689792646040596,,
0.7457539886773031,0.7420888520583733,0.6952963891243162,0.7041002426777416,0.6115900860681929,0.6434143680140377,0.1066447908121411,0.8933552091878589,bench_logreg,,1,,,3.51,ok,CIC-IDS-2017,B,47,3.51,,,,,,,,,,,,,,,
0.7475553268142049,0.8516084258403425,0.6619579947334787,0.6613056312594537,0.7794581873558164,0.7372841287254066,0.002050861361771944,0.9979491386382281,bench_random_forest,,1,,,1.11,ok,CIC-IDS-2017,B,47,1.11,,,,,,,,,,,,,,,
0.6299536798764797,0.7208494832041343,0.5038736918677115,0.3948975366522171,0.8427798066071728,0.8010878854611349,0.0012305168170631665,0.9987694831829368,bench_lightgbm,,1,,,0.42,ok,CIC-IDS-2017,B,47,0.42,,,,,,,,,,,,,,,
0.7467833247555327,0.8522360569142018,0.6607818654000426,0.6596761790840738,0.719548674531701,0.7463226360135825,0.0016406890894175555,0.9983593109105825,bench_optuna_xgboost,,26,,,10.35,ok,CIC-IDS-2017,B,47,10.35,,,,,,,,"{'n_estimators': 262, 'max_depth': 4, 'learning_rate': 0.04030341185497236, 'min_child_weight': 1, 'gamma': 1.6108090458616227, 'subsample': 0.8477106654996174, 'colsample_bytree': 0.9031703915247644}",,,,,,9.72,
0.7267112712300566,0.775748969160725,0.645486235434352,0.6434342435946706,0.4541135350051442,0.5663760650717613,0.03568498769483183,0.9643150123051681,bench_quantum_kernel_classifier,3.0,1,0.0,,4.1,ok,CIC-IDS-2017,B,47,4.1,,,,,,,,,,,,,,,"analytic (shot-free) quantum feature map, classical simulate-only deployment"
0.6629820051413882,0.8149971080263392,0.5480397420532432,0.48256428566427934,0.7040013186282534,0.6926636615649051,0.0012290045063498567,0.9987709954936501,1_xgboost_default,0.0,1,0.0,0.0,0.44,ok,CIC-IDS-2017,B,48,0.44,,,,,,,,,,,,,,,
0.662210796915167,0.8214236396770662,0.5467240824097422,0.4796799245578339,0.8039327861478441,0.7700904614784487,0.00040966816878328555,0.9995903318312167,2_sho_xgboost,0.0,61,0.0,0.0,4.14,ok,CIC-IDS-2017,B,48,4.14,,,,,,,,,,,,,,,
0.7426735218508997,0.8524996525042858,0.6548698349368067,0.6515839909863825,0.8315730890139098,0.7949621386433144,0.0008193363375665711,0.9991806636624334,3_qrl_sho_xgboost_reproduction,8.0,142,2155732992.0,44.0,49.43,ok,CIC-IDS-2017,B,48,49.43,60.0,81.0,80.0,39.98,6.52,2.93,"[13, 24, 34, 43, 46, 48, 57, 63]","{'n_estimators': 160, 'max_depth': 6}",,,,,,,
0.645758354755784,0.7944158980167337,0.5250605808466984,0.43887903514854304,0.7462921355303309,0.7023024485792578,0.0016386726751331422,0.9983613273248668,4_classical_actor_critic,0.0,61,0.0,60.0,4.42,ok,CIC-IDS-2017,B,48,4.42,,,60.0,,,,,"{'n_estimators': 150.0, 'max_depth': 3.0, 'learning_rate': 0.21999999999999997, 'min_child_weight': 2.0, 'gamma': 0.0, 'subsample': 0.9, 'colsample_bytree': 0.9, 'reg_alpha': 0.0, 'reg_lambda': 1.0}",0.0,51.0,9.0,0.0,0.9894138924328095,,
0.7473007712082262,0.8431621149912019,0.6627637927978131,0.6628364442813433,0.7125454020614594,0.7256855078843949,0.005735354362965997,0.994264645637034,5_vqc_actor_critic_ordinary_grad,4.0,61,1966080.0,6.0,6.34,ok,CIC-IDS-2017,B,48,6.34,,,60.0,,,,,"{'n_estimators': 100.0, 'max_depth': 3.0, 'learning_rate': 0.039999999999999994, 'min_child_weight': 4.0, 'gamma': 0.75, 'subsample': 0.9, 'colsample_bytree': 0.9, 'reg_alpha': 0.0, 'reg_lambda': 1.0}",11.0,51.0,9.0,3900.0,0.9726136968634356,,
0.7444730077120822,0.8532570837849697,0.6572852938740048,0.6548788551288423,0.5905517910754539,0.6693964950571284,0.0008193363375665711,0.9991806636624334,6_qnac_fixed_shots,4.0,61,1966080.0,60.0,7.88,ok,CIC-IDS-2017,B,48,7.88,,,60.0,,,,,"{'n_estimators': 225.0, 'max_depth': 7.0, 'learning_rate': 0.1, 'min_child_weight': 1.0, 'gamma': 0.75, 'subsample': 0.9, 'colsample_bytree': 0.9, 'reg_alpha': 0.0, 'reg_lambda': 1.0}",11.0,51.0,9.0,3900.0,0.9976710782366817,,
0.7426735218508997,0.8407422723043523,0.6565526126735894,0.6545175064047822,0.6482865890361037,0.6784851704954886,0.005735354362965997,0.994264645637034,7_sf_qnac_ids,4.0,61,153600.0,60.0,7.66,ok,CIC-IDS-2017,B,48,7.66,,,60.0,,,,,"{'n_estimators': 275.0, 'max_depth': 4.0, 'learning_rate': 0.08, 'min_child_weight': 2.0, 'gamma': 0.75, 'subsample': 0.9, 'colsample_bytree': 0.9, 'reg_alpha': 0.0, 'reg_lambda': 1.0}",11.0,51.0,9.0,3900.0,0.9942124040633451,,
0.7506426735218509,0.7515922422543815,0.6979603388060364,0.7073619188458831,0.6180985120478912,0.6275759919966319,0.09545268332650553,0.9045473166734944,bench_logreg,,1,,,3.38,ok,CIC-IDS-2017,B,48,3.38,,,,,,,,,,,,,,,
0.7462724935732648,0.8530193019526743,0.6598409842892681,0.6583945845368038,0.7787243402547182,0.73322805348326,0.0012290045063498567,0.9987709954936501,bench_random_forest,,1,,,1.06,ok,CIC-IDS-2017,B,48,1.06,,,,,,,,,,,,,,,
0.7475578406169666,0.8545600984631282,0.6614260806234873,0.6604824374288965,0.7758914382179972,0.7668191931269033,0.0008193363375665711,0.9991806636624334,bench_lightgbm,,1,,,0.43,ok,CIC-IDS-2017,B,48,0.43,,,,,,,,,,,,,,,
0.674293059125964,0.8213027460717036,0.5632226268013454,0.5098860978883345,0.7289158721394264,0.7200856885070881,0.0012290045063498567,0.9987709954936501,bench_optuna_xgboost,,26,,,12.63,ok,CIC-IDS-2017,B,48,12.63,,,,,,,,"{'n_estimators': 324, 'max_depth': 6, 'learning_rate': 0.0697357117995015, 'min_child_weight': 3, 'gamma': 0.5836976813106459, 'subsample': 0.7847113529717751, 'colsample_bytree': 0.8582237199864309}",,,,,,12.07,
0.6910025706940874,0.6926541982004006,0.6122958691934344,0.6058596490873148,0.4802142148917348,0.4775356009080804,0.07906595657517411,0.9209340434248259,bench_quantum_kernel_classifier,3.0,1,0.0,,4.13,ok,CIC-IDS-2017,B,48,4.13,,,,,,,,,,,,,,,"analytic (shot-free) quantum feature map, classical simulate-only deployment"
0.994,0.9350833577772542,0.9350833577772542,0.9350833577772542,0.9989132473227896,0.99997372796102,0.1267605633802817,0.99692727893479,1_xgboost_default,0.0,1,0.0,0.0,0.25,ok,CICIoT23,A,45,0.25,,,,,,,,,,,,,,,
0.9896666666666667,0.8901267674305218,0.8847633427742969,0.8874254193403129,0.9976052971980053,0.9999423897572306,0.22535211267605634,0.9948787982246501,2_sho_xgboost,0.0,61,0.0,0.0,3.77,ok,CICIoT23,A,45,3.78,,,,,,,,,,,,,,,
0.9853333333333333,0.8388784626832841,0.848186421361903,0.8434653916211293,0.9937247245851345,0.9998493242380299,0.29577464788732394,0.9921474906111301,3_qrl_sho_xgboost_reproduction,8.0,142,2138095616.0,33.0,47.72,ok,CICIoT23,A,45,47.73,60.0,81.0,80.0,40.53,4.62,2.57,"[1, 5, 18, 27, 38, 39, 40, 42]","{'n_estimators': 50, 'max_depth': 6}",,,,,,,
0.9923333333333333,0.910453344663871,0.9273582773527473,0.9187255219529433,0.9984900869883007,0.9999634752657567,0.14084507042253522,0.99556162512803,4_classical_actor_critic,0.0,61,0.0,60.0,3.81,ok,CICIoT23,A,45,3.81,,,60.0,,,,,"{'n_estimators': 175.0, 'max_depth': 8.0, 'learning_rate': 0.16, 'min_child_weight': 8.0, 'gamma': 0.75, 'subsample': 0.9, 'colsample_bytree': 0.9, 'reg_alpha': 0.0, 'reg_lambda': 1.0}",0.0,51.0,9.0,0.0,0.9007696690372269,,
0.9916666666666667,0.9120672842515847,0.9064022235152122,0.9092140478550911,0.9973696738299376,0.9999240802568978,0.18309859154929578,0.9959030385797201,5_vqc_actor_critic_ordinary_grad,4.0,61,1966080.0,21.0,4.9,ok,CICIoT23,A,45,4.9,,,60.0,,,,,"{'n_estimators': 50.0, 'max_depth': 2.0, 'learning_rate': 0.039999999999999994, 'min_child_weight': 2.0, 'gamma': 0.75, 'subsample': 0.9, 'colsample_bytree': 0.9, 'reg_alpha': 0.0, 'reg_lambda': 1.0}",11.0,51.0,9.0,3900.0,0.9032902581289678,,
0.9883333333333333,0.8552567117381933,0.9184382498473257,0.8841027622175004,0.9954702609649018,0.9998915158920483,0.15492957746478872,0.9918060771594401,6_qnac_fixed_shots,4.0,61,1966080.0,11.0,5.05,ok,CICIoT23,A,45,5.05,,,60.0,,,,,"{'n_estimators': 150, 'max_depth': 5, 'learning_rate': 0.06, 'min_child_weight': 2.0, 'gamma': 0.0, 'subsample': 0.9, 'colsample_bytree': 0.9, 'reg_alpha': 0.0, 'reg_lambda': 1.0}",11.0,51.0,9.0,3900.0,0.861809198449294,,
0.9926666666666667,0.9360765299436509,0.9000427968974654,0.9172417943985234,0.9985141301891238,0.9999641208590617,0.19718309859154928,0.9972686923864801,7_sf_qnac_ids,4.0,61,153600.0,11.0,4.99,ok,CICIoT23,A,45,4.99,,,60.0,,,,,"{'n_estimators': 50.0, 'max_depth': 7.0, 'learning_rate': 0.039999999999999994, 'min_child_weight': 3.0, 'gamma': 0.75, 'subsample': 0.9, 'colsample_bytree': 0.9, 'reg_alpha': 0.0, 'reg_lambda': 1.0}",11.0,51.0,9.0,3900.0,0.9184140024121636,,
0.9683333333333334,0.713855421686747,0.9837828610447252,0.7913358241246538,0.9938305146687569,0.999851141494152,0.0,0.9675657220894504,bench_logreg,,1,,,2.76,ok,CICIoT23,A,45,2.76,,,,,,,,,,,,,,,
0.9933333333333333,0.9439391953872363,0.9072557571444371,0.9247652676350213,0.9989300775633658,0.9999738326788975,0.18309859154929578,0.99761010583817,bench_random_forest,,1,,,0.5,ok,CICIoT23,A,45,0.5,,,,,,,,,,,,,,,
0.9933333333333333,0.9143870156528384,0.9484850379161277,0.9307236149341414,0.9986824325948864,0.9999681565017626,0.09859154929577464,0.99556162512803,bench_lightgbm,,1,,,0.35,ok,CICIoT23,A,45,0.35,,,,,,,,,,,,,,,
0.994,0.9168656477103818,0.9625695449583812,0.9384615384615385,0.9987882226785086,0.9999708112840159,0.07042253521126761,0.99556162512803,bench_optuna_xgboost,,26,,,5.93,ok,CICIoT23,A,45,5.93,,,,,,,,"{'n_estimators': 89, 'max_depth': 4, 'learning_rate': 0.050918990007161886, 'min_child_weight': 3, 'gamma': 1.9399125880358348, 'subsample': 0.9094367137826882, 'colsample_bytree': 0.5372703925807734}",,,,,,5.79,
0.9813333333333333,0.7795275590551181,0.9904404233526801,0.8537599364900295,0.991849354920922,0.9998041768704801,0.0,0.9808808467053602,bench_quantum_kernel_classifier,3.0,1,0.0,,2.18,ok,CICIoT23,A,45,2.18,,,,,,,,,,,,,,,"analytic (shot-free) quantum feature map, classical simulate-only deployment"
0.994,0.940323083084865,0.9282118109819724,0.9341784495368113,0.9983169759423732,0.99995942754637,0.14084507042253522,0.9972686923864801,1_xgboost_default,0.0,1,0.0,0.0,0.23,ok,CICIoT23,A,46,0.23,,,,,,,,,,,,,,,
0.9933333333333333,0.9382528204527991,0.9141273039397189,0.9258303294616765,0.9984804697079712,0.9999634141498046,0.16901408450704225,0.9972686923864801,2_sho_xgboost,0.0,61,0.0,0.0,3.73,ok,CICIoT23,A,46,3.73,,,,,,,,,,,,,,,
0.986,0.836765508228338,0.8828855687900019,0.858251133990928,0.9941647151601999,0.9998595568515246,0.22535211267605634,0.9911232502560601,3_qrl_sho_xgboost_reproduction,8.0,142,2138095616.0,31.0,46.65,ok,CICIoT23,A,46,46.66,60.0,81.0,80.0,39.45,4.52,2.68,"[6, 9, 18, 20, 30, 39, 40, 44]","{'n_estimators': 100, 'max_depth': 4}",,,,,,,
0.9876666666666667,0.8619598751177698,0.8768675556239451,0.8692541005329957,0.9956866497723109,0.9998959621792256,0.23943661971830985,0.9931717309662,4_classical_actor_critic,0.0,61,0.0,11.0,3.83,ok,CICIoT23,A,46,3.83,,,60.0,,,,,"{'n_estimators': 125.0, 'max_depth': 5.0, 'learning_rate': 0.08, 'min_child_weight': 1.0, 'gamma': 0.0, 'subsample': 0.9, 'colsample_bytree': 0.9, 'reg_alpha': 0.0, 'reg_lambda': 1.0}",0.0,51.0,9.0,0.0,0.9313020785642341,,
0.9936666666666667,0.9290186703096539,0.9349126510514092,0.9319444427861706,0.9983073586620439,0.9999590173491706,0.1267605633802817,0.9965858654831,5_vqc_actor_critic_ordinary_grad,4.0,61,1966080.0,49.0,5.94,ok,CICIoT23,A,46,5.94,,,60.0,,,,,"{'n_estimators': 150.0, 'max_depth': 3.0, 'learning_rate': 0.08, 'min_child_weight': 3.0, 'gamma': 0.0, 'subsample': 0.9, 'colsample_bytree': 0.9, 'reg_alpha': 0.0, 'reg_lambda': 1.0}",11.0,51.0,9.0,3900.0,0.9507439602547835,,
0.994,0.9350833577772542,0.9350833577772542,0.9350833577772542,0.998018840252165,0.9999520219552815,0.1267605633802817,0.99692727893479,6_qnac_fixed_shots,4.0,61,1966080.0,30.0,5.82,ok,CICIoT23,A,46,5.82,,,60.0,,,,,"{'n_estimators': 175.0, 'max_depth': 6.0, 'learning_rate': 0.06, 'min_child_weight': 3.0, 'gamma': 0.0, 'subsample': 0.9, 'colsample_bytree': 0.9, 'reg_alpha': 0.0, 'reg_lambda': 1.0}",11.0,51.0,9.0,3900.0,0.9583218125232784,,
0.9906666666666667,0.895039570180324,0.9058901033376772,0.9003870673952641,0.9966002914035941,0.9999179119795061,0.18309859154929578,0.9948787982246501,7_sf_qnac_ids,4.0,61,153600.0,60.0,5.45,ok,CICIoT23,A,46,5.45,,,60.0,,,,,"{'n_estimators': 150.0, 'max_depth': 4.0, 'learning_rate': 0.039999999999999994, 'min_child_weight': 3.0, 'gamma': 0.0, 'subsample': 0.9, 'colsample_bytree': 0.9, 'reg_alpha': 0.0, 'reg_lambda': 1.0}",11.0,51.0,9.0,3900.0,0.9373991511208567,,
0.9716666666666667,0.7241274800658394,0.9373891007362027,0.7931254365661743,0.9506585432705486,0.9963384506691497,0.09859154929577464,0.9733697507681802,bench_logreg,,1,,,2.99,ok,CICIoT23,A,46,2.99,,,,,,,,,,,,,,,
0.9933333333333333,0.9382528204527991,0.9141273039397189,0.9258303294616765,0.9984251703460778,0.9999613455860641,0.16901408450704225,0.9972686923864801,bench_random_forest,,1,,,0.61,ok,CICIoT23,A,46,0.61,,,,,,,,,,,,,,,
0.9936666666666667,0.9243086216770426,0.941784197846691,0.932860213787214,0.99829293274155,0.9999588836103886,0.11267605633802817,0.99624445203141,bench_lightgbm,,1,,,0.29,ok,CICIoT23,A,46,0.29,,,,,,,,,,,,,,,
0.993,0.9266942954656265,0.9208281440091557,0.9237398001982765,0.9978168773652499,0.9999473545589195,0.15492957746478872,0.9965858654831,bench_optuna_xgboost,,26,,,8.08,ok,CICIoT23,A,46,8.08,,,,,,,,"{'n_estimators': 114, 'max_depth': 3, 'learning_rate': 0.13704085093863055, 'min_child_weight': 10, 'gamma': 1.348371696781059, 'subsample': 0.7677457554495788, 'colsample_bytree': 0.8796380637054153}",,,,,,7.87,
0.9816666666666667,0.7817460317460317,0.9906111300785251,0.8556671632299415,0.9909501392101328,0.9997828027401356,0.0,0.9812222601570502,bench_quantum_kernel_classifier,3.0,1,0.0,,2.11,ok,CICIoT23,A,46,2.11,,,,,,,,,,,,,,,"analytic (shot-free) quantum feature map, classical simulate-only deployment"
0.996,0.9512006776773638,0.9635937853134512,0.957308743169399,0.9989613337244361,0.9999749399580307,0.07042253521126761,0.99761010583817,1_xgboost_default,0.0,1,0.0,0.0,0.29,ok,CICIoT23,A,47,0.29,,,,,,,,,,,,,,,
0.989,0.9098841979418177,0.8363211017556345,0.8692825991372651,0.9974754639135599,0.9999390783084704,0.323943661971831,0.9965858654831,2_sho_xgboost,0.0,61,0.0,0.0,4.56,ok,CICIoT23,A,47,4.56,,,,,,,,,,,,,,,
0.9773333333333334,0.7545299145299145,0.7685024451935237,0.7613152931375806,0.9895652508427142,0.9997496650237887,0.4507042253521127,0.9877091157391601,3_qrl_sho_xgboost_reproduction,8.0,142,2138087424.0,14.0,63.02,ok,CICIoT23,A,47,63.03,60.0,81.0,80.0,49.43,10.38,3.21,"[0, 6, 8, 10, 17, 23, 39, 40]","{'n_estimators': 140, 'max_depth': 7}",,,,,,,
0.992,0.8873776611845424,0.9615453046033112,0.9210235349865741,0.9975860626373467,0.9999418784963252,0.07042253521126761,0.9935131444178901,4_classical_actor_critic,0.0,61,0.0,15.0,5.47,ok,CICIoT23,A,47,5.47,,,60.0,,,,,"{'n_estimators': 150.0, 'max_depth': 3.0, 'learning_rate': 0.039999999999999994, 'min_child_weight': 1.0, 'gamma': 0.75, 'subsample': 0.9, 'colsample_bytree': 0.9, 'reg_alpha': 0.0, 'reg_lambda': 1.0}",0.0,51.0,9.0,0.0,0.9168690384952769,,
0.9966666666666667,0.9528205128205127,0.9776782923557047,0.9648993078143501,0.999153679331022,0.9999795412930187,0.04225352112676056,0.99761010583817,5_vqc_actor_critic_ordinary_grad,4.0,61,1966080.0,60.0,6.99,ok,CICIoT23,A,47,6.99,,,60.0,,,,,"{'n_estimators': 200.0, 'max_depth': 6.0, 'learning_rate': 0.14, 'min_child_weight': 2.0, 'gamma': 1.0, 'subsample': 0.9, 'colsample_bytree': 0.9, 'reg_alpha': 0.0, 'reg_lambda': 1.0}",11.0,51.0,9.0,3900.0,0.9546721506706868,,
0.994,0.9458859809374539,0.9213402641866906,0.9332472965155089,0.9989853769252592,0.9999755645350185,0.15492957746478872,0.99761010583817,6_qnac_fixed_shots,4.0,61,1966080.0,37.0,7.13,ok,CICIoT23,A,47,7.13,,,60.0,,,,,"{'n_estimators': 200.0, 'max_depth': 4.0, 'learning_rate': 0.06, 'min_child_weight': 5.0, 'gamma': 0.0, 'subsample': 0.9, 'colsample_bytree': 0.9, 'reg_alpha': 0.0, 'reg_lambda': 1.0}",11.0,51.0,9.0,3900.0,0.9368192791376599,,
0.994,0.9254700854700855,0.9488264513678177,0.9368187540658302,0.9986872412350511,0.9999682461120073,0.09859154929577464,0.99624445203141,7_sf_qnac_ids,4.0,61,153600.0,37.0,6.97,ok,CICIoT23,A,47,6.97,,,60.0,,,,,"{'n_estimators': 200.0, 'max_depth': 2.0, 'learning_rate': 0.019999999999999993, 'min_child_weight': 5.0, 'gamma': 0.0, 'subsample': 0.9, 'colsample_bytree': 0.9, 'reg_alpha': 0.0, 'reg_lambda': 1.0}",11.0,51.0,9.0,3900.0,0.9288484882971055,,
0.963,0.6926506567087304,0.9604369130453598,0.7656565031024123,0.9692198943060891,0.9981843310459716,0.04225352112676056,0.9631273472174804,bench_logreg,,1,,,2.84,ok,CICIoT23,A,47,2.84,,,,,,,,,,,,,,,
0.996,0.9567222385181695,0.9567222385181695,0.9567222385181695,0.999264278054809,0.9999821473572703,0.08450704225352113,0.99795151928986,bench_random_forest,,1,,,0.56,ok,CICIoT23,A,47,0.56,,,,,,,,,,,,,,,
0.995,0.924486301369863,0.9768247587264798,0.9490488553542293,0.9991200188498695,0.9999787910887127,0.04225352112676056,0.9959030385797201,bench_lightgbm,,1,,,0.58,ok,CICIoT23,A,47,0.58,,,,,,,,,,,,,,,
0.9956666666666667,0.9503642987249545,0.9565515317923244,0.9534356713800114,0.9990190374064117,0.9999763888430636,0.08450704225352113,0.99761010583817,bench_optuna_xgboost,,26,,,9.79,ok,CICIoT23,A,47,9.79,,,,,,,,"{'n_estimators': 399, 'max_depth': 2, 'learning_rate': 0.052033198804242384, 'min_child_weight': 6, 'gamma': 0.23305672836761548, 'subsample': 0.9939650380476687, 'colsample_bytree': 0.8346679939732649}",,,,,,9.31,
0.9803333333333333,0.773076923076923,0.9899283031751451,0.8481467468657746,0.9898922383739103,0.9997572220476882,0.0,0.9798566063502901,bench_quantum_kernel_classifier,3.0,1,0.0,,2.02,ok,CICIoT23,A,47,2.02,,,,,,,,,,,,,,,"analytic (shot-free) quantum feature map, classical simulate-only deployment"
0.9973333333333333,0.9596581196581198,0.9848912526026765,0.9719194462514801,0.9996633951884746,0.999991832397063,0.028169014084507043,0.99795151928986,1_xgboost_default,0.0,1,0.0,0.0,0.41,ok,CICIoT23,A,48,0.41,,,,,,,,,,,,,,,
0.9906666666666667,0.9032382478157033,0.8921470097471136,0.8976109215017065,0.9977687909636034,0.999946007028826,0.2112676056338028,0.99556162512803,2_sho_xgboost,0.0,61,0.0,0.0,5.94,ok,CICIoT23,A,48,5.94,,,,,,,,,,,,,,,
0.981,0.7916066671466628,0.8116094999495094,0.8012531511835899,0.9913732995446217,0.9997924647872567,0.36619718309859156,0.9894161829976101,3_qrl_sho_xgboost_reproduction,8.0,142,2138087424.0,6.0,65.48,ok,CICIoT23,A,48,65.49,60.0,81.0,80.0,49.71,12.36,3.42,"[2, 19, 20, 29, 34, 36, 39, 42]","{'n_estimators': 100, 'max_depth': 4}",,,,,,,
0.995,0.9381638986902145,0.9562101183406344,0.9469949056214848,0.9991296361301988,0.9999789412191279,0.08450704225352113,0.99692727893479,4_classical_actor_critic,0.0,61,0.0,60.0,4.79,ok,CICIoT23,A,48,4.79,,,60.0,,,,,"{'n_estimators': 125.0, 'max_depth': 2.0, 'learning_rate': 0.18, 'min_child_weight': 3.0, 'gamma': 0.0, 'subsample': 0.9, 'colsample_bytree': 0.9, 'reg_alpha': 0.0, 'reg_lambda': 1.0}",0.0,51.0,9.0,0.0,0.952128384308421,,
0.9966666666666667,0.9639351987651412,0.9639351987651412,0.9639351987651412,0.9992498521343149,0.9999817328799808,0.07042253521126761,0.9982929327415501,5_vqc_actor_critic_ordinary_grad,4.0,61,1966080.0,60.0,6.25,ok,CICIoT23,A,48,6.25,,,60.0,,,,,"{'n_estimators': 100.0, 'max_depth': 3.0, 'learning_rate': 0.039999999999999994, 'min_child_weight': 4.0, 'gamma': 0.75, 'subsample': 0.9, 'colsample_bytree': 0.9, 'reg_alpha': 0.0, 'reg_lambda': 1.0}",11.0,51.0,9.0,3900.0,0.958321492848347,,
0.993,0.9219034608378871,0.9276996908044374,0.924780699921557,0.9974946984742185,0.9999391868195893,0.14084507042253522,0.99624445203141,6_qnac_fixed_shots,4.0,61,1966080.0,60.0,7.55,ok,CICIoT23,A,48,7.55,,,60.0,,,,,"{'n_estimators': 225.0, 'max_depth': 5.0, 'learning_rate': 0.06, 'min_child_weight': 2.0, 'gamma': 0.75, 'subsample': 0.9, 'colsample_bytree': 0.9, 'reg_alpha': 0.0, 'reg_lambda': 1.0}",11.0,51.0,9.0,3900.0,0.9368187540658302,,
0.9923333333333333,0.9147882513661203,0.9204867305574657,0.9176169570569435,0.9975379762357003,0.9999402632415175,0.15492957746478872,0.9959030385797201,7_sf_qnac_ids,4.0,61,153600.0,60.0,7.09,ok,CICIoT23,A,48,7.09,,,60.0,,,,,"{'n_estimators': 150.0, 'max_depth': 5.0, 'learning_rate': 0.06, 'min_child_weight': 2.0, 'gamma': 0.25, 'subsample': 0.9, 'colsample_bytree': 0.9, 'reg_alpha': 0.0, 'reg_lambda': 1.0}",11.0,51.0,9.0,3900.0,0.932860213787214,,
0.963,0.6909764481431532,0.9466938194547964,0.7619645005436215,0.9758942868546204,0.9986993395793251,0.07042253521126761,0.9638101741208603,bench_logreg,,1,,,3.04,ok,CICIoT23,A,48,3.04,,,,,,,,,,,,,,,
0.997,0.9769179841104245,0.9572343586957044,0.9668581122135221,0.9992859169355498,0.999982541341972,0.08450704225352113,0.99897575964493,bench_random_forest,,1,,,0.61,ok,CICIoT23,A,48,0.61,,,,,,,,,,,,,,,
0.9956666666666667,0.9353840888748486,0.9771661721781697,0.955264917716125,0.9997643766319323,0.9999942837973579,0.04225352112676056,0.9965858654831,bench_lightgbm,,1,,,0.65,ok,CICIoT23,A,48,0.65,,,,,,,,,,,,,,,
0.997,0.9536053711570307,0.9847205458768316,0.9686189186079353,0.9996345433474868,0.9999911315882258,0.028169014084507043,0.99761010583817,bench_optuna_xgboost,,26,,,10.19,ok,CICIoT23,A,48,10.19,,,,,,,,"{'n_estimators': 219, 'max_depth': 6, 'learning_rate': 0.0615338285481915, 'min_child_weight': 2, 'gamma': 0.058891509153554567, 'subsample': 0.7847113529717751, 'colsample_bytree': 0.989220505085292}",,,,,,9.66,
0.9756666666666667,0.7463039257236914,0.9806668622180335,0.8223312572862438,0.9734226458099915,0.997118290027621,0.014084507042253521,0.9754182314783203,bench_quantum_kernel_classifier,3.0,1,0.0,,2.06,ok,CICIoT23,A,48,2.06,,,,,,,,,,,,,,,"analytic (shot-free) quantum feature map, classical simulate-only deployment"
0.992,0.9036965879071143,0.926182350073135,0.9146174863387979,0.9980741101901511,0.9999543301407472,0.14285714285714285,0.995221843003413,1_xgboost_default,0.0,1,0.0,0.0,0.38,ok,CICIoT23,B,45,0.38,,,,,,,,,,,,,,,
0.9886666666666667,0.8578712449221819,0.9175036567528034,0.885250917992656,0.9968161872257435,0.9999241252476164,0.15714285714285714,0.9921501706484641,2_sho_xgboost,0.0,61,0.0,0.0,5.89,ok,CICIoT23,B,45,5.89,,,,,,,,,,,,,,,
0.9836666666666667,0.8471765104821176,0.7545831301803998,0.7933532857530445,0.977786445636275,0.9987000443035684,0.4857142857142857,0.9948805460750854,3_qrl_sho_xgboost_reproduction,8.0,142,2138112000.0,6.0,64.4,ok,CICIoT23,B,45,64.41,60.0,81.0,80.0,53.04,7.84,3.53,"[18, 21, 24, 25, 26, 27, 31, 44]","{'n_estimators': 50, 'max_depth': 3}",,,,,,,
0.992,0.9036965879071143,0.926182350073135,0.9146174863387979,0.9974939054119941,0.9999405862337148,0.14285714285714285,0.995221843003413,4_classical_actor_critic,0.0,61,0.0,10.0,5.86,ok,CICIoT23,B,45,5.86,,,60.0,,,,,"{'n_estimators': 200.0, 'max_depth': 8.0, 'learning_rate': 0.23999999999999996, 'min_child_weight': 7.0, 'gamma': 0.5, 'subsample': 0.9, 'colsample_bytree': 0.9, 'reg_alpha': 0.0, 'reg_lambda': 1.0}",0.0,51.0,9.0,0.0,0.9391081856507842,,
0.9853333333333333,0.8187608396626995,0.9157971721111653,0.8604291170238412,0.9952120916626036,0.9998848479224144,0.15714285714285714,0.9887372013651877,5_vqc_actor_critic_ordinary_grad,4.0,61,1966080.0,14.0,5.89,ok,CICIoT23,B,45,5.89,,,60.0,,,,,"{'n_estimators': 50.0, 'max_depth': 2.0, 'learning_rate': 0.06, 'min_child_weight': 1.0, 'gamma': 0.75, 'subsample': 0.9, 'colsample_bytree': 0.9, 'reg_alpha': 0.0, 'reg_lambda': 1.0}",11.0,51.0,9.0,3900.0,0.8933669819745769,,
0.99,0.8795269637842897,0.9112140419307655,0.8946979234430503,0.996474890297416,0.9999161052848092,0.17142857142857143,0.9938566552901024,6_qnac_fixed_shots,4.0,61,1966080.0,60.0,6.03,ok,CICIoT23,B,45,6.03,,,60.0,,,,,"{'n_estimators': 50.0, 'max_depth': 6.0, 'learning_rate': 0.039999999999999994, 'min_child_weight': 4.0, 'gamma': 0.25, 'subsample': 0.9, 'colsample_bytree': 0.9, 'reg_alpha': 0.0, 'reg_lambda': 1.0}",11.0,51.0,9.0,3900.0,0.8976109215017065,,
0.9906666666666667,0.8829042278734271,0.9254997562164797,0.9030130609077978,0.9972354948805461,0.999934147342851,0.14285714285714285,0.9938566552901024,7_sf_qnac_ids,4.0,61,153600.0,60.0,6.4,ok,CICIoT23,B,45,6.4,,,60.0,,,,,"{'n_estimators': 50.0, 'max_depth': 9.0, 'learning_rate': 0.08, 'min_child_weight': 3.0, 'gamma': 0.75, 'subsample': 0.9, 'colsample_bytree': 0.9, 'reg_alpha': 0.0, 'reg_lambda': 1.0}",11.0,51.0,9.0,3900.0,0.9104532141923298,,
0.9726666666666667,0.7275224775224776,0.9441735738664065,0.7976807303232174,0.9668941979522185,0.9983811502670152,0.08571428571428572,0.974061433447099,bench_logreg,,1,,,3.27,ok,CICIoT23,B,45,3.27,,,,,,,,,,,,,,,
0.993,0.9162708088603507,0.9336665041443198,0.924780699921557,0.9977303754266212,0.9999456013610681,0.12857142857142856,0.9959044368600682,bench_random_forest,,1,,,0.55,ok,CICIoT23,B,45,0.55,,,,,,,,,,,,,,,
0.9903333333333333,0.8780350928891181,0.9253291077523159,0.9002063549052017,0.9976011701608972,0.9999429404561635,0.14285714285714285,0.9935153583617747,bench_lightgbm,,1,,,0.58,ok,CICIoT23,B,45,0.58,,,,,,,,,,,,,,,
0.992,0.8925513698630136,0.947098976109215,0.9179487179487179,0.9975524134568503,0.9999418589558953,0.1,0.99419795221843,bench_optuna_xgboost,,26,,,6.94,ok,CICIoT23,B,45,6.94,,,,,,,,"{'n_estimators': 89, 'max_depth': 4, 'learning_rate': 0.050918990007161886, 'min_child_weight': 3, 'gamma': 1.9399125880358348, 'subsample': 0.9094367137826882, 'colsample_bytree': 0.5372703925807734}",,,,,,6.76,
0.9793333333333333,0.7651515151515151,0.989419795221843,0.8411879821993927,0.9911652852267188,0.9997907407081383,0.0,0.978839590443686,bench_quantum_kernel_classifier,3.0,1,0.0,,1.99,ok,CICIoT23,B,45,1.99,,,,,,,,,,,,,,,"analytic (shot-free) quantum feature map, classical simulate-only deployment"
0.9946666666666667,0.9469946232244604,0.9345197464651389,0.9406642635693412,0.9990004875670405,0.9999761800943261,0.12857142857142856,0.9976109215017065,1_xgboost_default,0.0,1,0.0,0.0,0.46,ok,CICIoT23,B,46,0.46,,,,,,,,,,,,,,,
0.9916666666666667,0.9205215568077578,0.8911506582155047,0.9052761201098797,0.9976889322281813,0.9999448477040935,0.21428571428571427,0.9965870307167235,2_sho_xgboost,0.0,61,0.0,0.0,5.75,ok,CICIoT23,B,46,5.75,,,,,,,,,,,,,,,
0.9866666666666667,0.8537298878595807,0.8537298878595807,0.8537298878595807,0.9947976596782057,0.9998766475455058,0.2857142857142857,0.9931740614334471,3_qrl_sho_xgboost_reproduction,8.0,142,2138112000.0,5.0,62.31,ok,CICIoT23,B,46,62.32,60.0,81.0,80.0,53.06,6.01,3.23,"[17, 19, 20, 33, 36, 38, 39, 41]","{'n_estimators': 100, 'max_depth': 4}",,,,,,,
0.9933333333333333,0.9319476767514645,0.919892735251097,0.9258303294616765,0.9987079473427597,0.9999693418440556,0.15714285714285714,0.9969283276450512,4_classical_actor_critic,0.0,61,0.0,11.0,5.98,ok,CICIoT23,B,46,5.98,,,60.0,,,,,"{'n_estimators': 125.0, 'max_depth': 6.0, 'learning_rate': 0.06, 'min_child_weight': 1.0, 'gamma': 0.0, 'subsample': 0.9, 'colsample_bytree': 0.9, 'reg_alpha': 0.0, 'reg_lambda': 1.0}",0.0,51.0,9.0,0.0,0.9542010370920712,,
0.9933333333333333,0.9220742258652095,0.9338371526084837,0.9278703975302824,0.9979619697708435,0.9999515669022933,0.12857142857142856,0.9962457337883959,5_vqc_actor_critic_ordinary_grad,4.0,61,1966080.0,49.0,6.88,ok,CICIoT23,B,46,6.88,,,60.0,,,,,"{'n_estimators': 150.0, 'max_depth': 4.0, 'learning_rate': 0.08, 'min_child_weight': 3.0, 'gamma': 0.0, 'subsample': 0.9, 'colsample_bytree': 0.9, 'reg_alpha': 0.0, 'reg_lambda': 1.0}",11.0,51.0,9.0,3900.0,0.9140969409796186,,
0.9933333333333333,0.9430986035422344,0.9059483178937104,0.9236683951534519,0.9988688444661141,0.9999731275147048,0.18571428571428572,0.9976109215017065,6_qnac_fixed_shots,4.0,61,1966080.0,30.0,6.87,ok,CICIoT23,B,46,6.87,,,60.0,,,,,"{'n_estimators': 150.0, 'max_depth': 3.0, 'learning_rate': 0.06, 'min_child_weight': 3.0, 'gamma': 0.0, 'subsample': 0.9, 'colsample_bytree': 0.9, 'reg_alpha': 0.0, 'reg_lambda': 1.0}",11.0,51.0,9.0,3900.0,0.9380306128772387,,
0.995,0.9479106403809354,0.941662603607996,0.9447635203558702,0.9988737201365188,0.9999732226976688,0.11428571428571428,0.9976109215017065,7_sf_qnac_ids,4.0,61,153600.0,30.0,6.84,ok,CICIoT23,B,46,6.84,,,60.0,,,,,"{'n_estimators': 150.0, 'max_depth': 4.0, 'learning_rate': 0.1, 'min_child_weight': 3.0, 'gamma': 0.0, 'subsample': 0.9, 'colsample_bytree': 0.9, 'reg_alpha': 0.0, 'reg_lambda': 1.0}",11.0,51.0,9.0,3900.0,0.9473356873445149,,
0.9583333333333334,0.6747875762085354,0.9438078985860556,0.7440229355449752,0.9635884934178449,0.9977820925581167,0.07142857142857142,0.9590443686006825,bench_logreg,,1,,,2.85,ok,CICIoT23,B,46,2.85,,,,,,,,,,,,,,,
0.9936666666666667,0.9635515419060736,0.8921745490004875,0.9247384661699405,0.9987250121891761,0.9999693829307518,0.21428571428571427,0.9986348122866894,bench_random_forest,,1,,,0.58,ok,CICIoT23,B,46,0.58,,,,,,,,,,,,,,,
0.995,0.9324786324786325,0.962579229644076,0.9469949056214848,0.9990736226231107,0.9999779908608477,0.07142857142857142,0.9965870307167235,bench_lightgbm,,1,,,0.52,ok,CICIoT23,B,46,0.52,,,,,,,,,,,,,,,
0.994,0.9510814032697548,0.9132618235007314,0.9313015556381068,0.9984154071184788,0.9999623350578806,0.17142857142857143,0.9979522184300341,bench_optuna_xgboost,,26,,,9.23,ok,CICIoT23,B,46,9.23,,,,,,,,"{'n_estimators': 396, 'max_depth': 10, 'learning_rate': 0.07191338927608959, 'min_child_weight': 4, 'gamma': 2.234954495934173, 'subsample': 0.5081088025167033, 'colsample_bytree': 0.8291032845126548}",,,,,,8.68,
0.978,0.7573529411764706,0.9887372013651877,0.8341102781250105,0.9875816674792783,0.9997063725747865,0.0,0.9774744027303754,bench_quantum_kernel_classifier,3.0,1,0.0,,1.94,ok,CICIoT23,B,46,1.94,,,,,,,,,,,,,,,"analytic (shot-free) quantum feature map, classical simulate-only deployment"
0.9933333333333333,0.9268649439297902,0.9268649439297902,0.9268649439297902,0.9987762067284252,0.9999709508200199,0.14285714285714285,0.9965870307167235,1_xgboost_default,0.0,1,0.0,0.0,0.39,ok,CICIoT23,B,47,0.39,,,,,,,,,,,,,,,
0.99,0.8943303105689752,0.8833252072159923,0.8887454941925148,0.9973768893222819,0.9999375320001075,0.22857142857142856,0.995221843003413,2_sho_xgboost,0.0,61,0.0,0.0,5.52,ok,CICIoT23,B,47,5.52,,,,,,,,,,,,,,,
0.9806666666666667,0.7859267332951543,0.8018527547537786,0.7936589253187614,0.9910823988298391,0.9997895886839714,0.38571428571428573,0.989419795221843,3_qrl_sho_xgboost_reproduction,8.0,142,2138095616.0,33.0,65.62,ok,CICIoT23,B,47,65.63,60.0,81.0,80.0,51.4,10.85,3.37,"[10, 16, 21, 22, 34, 39, 41, 43]","{'n_estimators': 100, 'max_depth': 4}",,,,,,,
0.9903333333333333,0.8881902551118308,0.904412481716236,0.8961257284631026,0.9969283276450512,0.9999269874446409,0.18571428571428572,0.9945392491467577,4_classical_actor_critic,0.0,61,0.0,60.0,5.43,ok,CICIoT23,B,47,5.43,,,60.0,,,,,"{'n_estimators': 100.0, 'max_depth': 3.0, 'learning_rate': 0.1, 'min_child_weight': 2.0, 'gamma': 0.75, 'subsample': 0.9, 'colsample_bytree': 0.9, 'reg_alpha': 0.0, 'reg_lambda': 1.0}",0.0,51.0,9.0,0.0,0.903884476830392,,
0.993,0.911965811965812,0.9406387128230131,0.9257928678700786,0.9983227693807899,0.9999602802904588,0.11428571428571428,0.9955631399317406,5_vqc_actor_critic_ordinary_grad,4.0,61,1966080.0,60.0,7.92,ok,CICIoT23,B,47,7.92,,,60.0,,,,,"{'n_estimators': 225.0, 'max_depth': 5, 'learning_rate': 0.14, 'min_child_weight': 4.0, 'gamma': 1.0, 'subsample': 0.9, 'colsample_bytree': 0.9, 'reg_alpha': 0.0, 'reg_lambda': 1.0}",11.0,51.0,9.0,3900.0,0.9548591605810127,,
0.9943333333333333,0.9303110857346106,0.9482935153583618,0.9391081856507842,0.998595806923452,0.9999666915699532,0.1,0.9965870307167235,6_qnac_fixed_shots,4.0,61,1966080.0,60.0,7.99,ok,CICIoT23,B,47,7.99,,,60.0,,,,,"{'n_estimators': 175.0, 'max_depth': 3.0, 'learning_rate': 0.12000000000000001, 'min_child_weight': 4.0, 'gamma': 0.25, 'subsample': 0.9, 'colsample_bytree': 0.9, 'reg_alpha': 0.0, 'reg_lambda': 1.0}",11.0,51.0,9.0,3900.0,0.9561189663578742,,
0.9943333333333333,0.9404936733271031,0.9343490980009752,0.9373986564033197,0.9982935153583617,0.9999595257823362,0.12857142857142856,0.9972696245733789,7_sf_qnac_ids,4.0,61,153600.0,60.0,8.49,ok,CICIoT23,B,47,8.49,,,60.0,,,,,"{'n_estimators': 200.0, 'max_depth': 4.0, 'learning_rate': 0.06, 'min_child_weight': 6.0, 'gamma': 0.0, 'subsample': 0.9, 'colsample_bytree': 0.9, 'reg_alpha': 0.0, 'reg_lambda': 1.0}",11.0,51.0,9.0,3900.0,0.9548591605810127,,
0.9653333333333334,0.6972892084351027,0.9473915163334958,0.7687593941496127,0.9412969283276451,0.9963017672247709,0.07142857142857142,0.9662116040955632,bench_logreg,,1,,,2.98,ok,CICIoT23,B,47,2.98,,,,,,,,,,,,,,,
0.9936666666666667,0.9384232943702897,0.9200633837152609,0.9290366034179458,0.99862506094588,0.9999669925160121,0.15714285714285714,0.9972696245733789,bench_random_forest,,1,,,0.6,ok,CICIoT23,B,47,0.6,,,,,,,,,,,,,,,
0.993,0.9003781102102445,0.9615553388590932,0.9286683974959211,0.9981618722574354,0.9999563723226288,0.07142857142857142,0.9945392491467577,bench_lightgbm,,1,,,0.67,ok,CICIoT23,B,47,0.67,,,,,,,,,,,,,,,
0.993,0.907893509159332,0.9476109215017066,0.9267774767518488,0.9986884446611409,0.9999688349065148,0.1,0.995221843003413,bench_optuna_xgboost,,26,,,9.39,ok,CICIoT23,B,47,9.39,,,,,,,,"{'n_estimators': 229, 'max_depth': 3, 'learning_rate': 0.06208917267186631, 'min_child_weight': 3, 'gamma': 0.05301026450329871, 'subsample': 0.941900358896123, 'colsample_bytree': 0.8282053240617231}",,,,,,9.03,
0.9833333333333333,0.7916666666666667,0.9914675767918089,0.864118126641906,0.9921160409556314,0.9998137874524132,0.0,0.9829351535836177,bench_quantum_kernel_classifier,3.0,1,0.0,,2.42,ok,CICIoT23,B,47,2.42,,,,,,,,,,,,,,,"analytic (shot-free) quantum feature map, classical simulate-only deployment"
0.996,0.9561189663578742,0.9561189663578742,0.9561189663578742,0.9992637737688932,0.9999825687532266,0.08571428571428572,0.9979522184300341,1_xgboost_default,0.0,1,0.0,0.0,0.41,ok,CICIoT23,B,48,0.41,,,,,,,,,,,,,,,
0.994,0.9244795034268718,0.9481228668941979,0.9359631147540983,0.9984202827888834,0.9999624448478417,0.1,0.9962457337883959,2_sho_xgboost,0.0,61,0.0,0.0,6.13,ok,CICIoT23,B,48,6.13,,,,,,,,,,,,,,,
0.986,0.8413478413478414,0.8603607996099463,0.8505806010928962,0.9941686981960021,0.9998618449502392,0.2714285714285714,0.9921501706484641,3_qrl_sho_xgboost_reproduction,8.0,142,2138103808.0,30.0,64.7,ok,CICIoT23,B,48,64.7,60.0,81.0,80.0,48.48,12.75,3.47,"[3, 4, 5, 16, 26, 28, 36, 40]","{'n_estimators': 100, 'max_depth': 5}",,,,,,,
0.993,0.9162708088603507,0.9336665041443198,0.924780699921557,0.9987469527059971,0.9999702614282708,0.12857142857142856,0.9959044368600682,4_classical_actor_critic,0.0,61,0.0,60.0,4.9,ok,CICIoT23,B,48,4.9,,,60.0,,,,,"{'n_estimators': 125.0, 'max_depth': 2.0, 'learning_rate': 0.16, 'min_child_weight': 2.0, 'gamma': 0.0, 'subsample': 0.9, 'colsample_bytree': 0.9, 'reg_alpha': 0.0, 'reg_lambda': 1.0}",0.0,51.0,9.0,0.0,0.932860213787214,,
0.9956666666666667,0.9443513626088706,0.9629205265724037,0.9534356713800114,0.9991272549975622,0.9999790295773922,0.07142857142857142,0.9972696245733789,5_vqc_actor_critic_ordinary_grad,4.0,61,1966080.0,60.0,6.71,ok,CICIoT23,B,48,6.71,,,60.0,,,,,"{'n_estimators': 100.0, 'max_depth': 3.0, 'learning_rate': 0.039999999999999994, 'min_child_weight': 4.0, 'gamma': 0.75, 'subsample': 0.9, 'colsample_bytree': 0.9, 'reg_alpha': 0.0, 'reg_lambda': 1.0}",11.0,51.0,9.0,3900.0,0.9355877616747182,,
0.9956666666666667,0.9553276074347677,0.9489761092150171,0.952128384308421,0.9990443686006826,0.9999773396372214,0.1,0.9979522184300341,6_qnac_fixed_shots,4.0,61,1966080.0,33.0,7.52,ok,CICIoT23,B,48,7.52,,,60.0,,,,,"{'n_estimators': 150.0, 'max_depth': 6.0, 'learning_rate': 0.03, 'min_child_weight': 5.0, 'gamma': 0.25, 'subsample': 0.9, 'colsample_bytree': 0.9, 'reg_alpha': 0.0, 'reg_lambda': 1.0}",11.0,51.0,9.0,3900.0,0.9447635203558702,,
0.9923333333333333,0.918242772165606,0.9124085811799123,0.9153040645456677,0.9976694295465626,0.9999446041537278,0.17142857142857143,0.9962457337883959,7_sf_qnac_ids,4.0,61,153600.0,60.0,7.87,ok,CICIoT23,B,48,7.87,,,60.0,,,,,"{'n_estimators': 250.0, 'max_depth': 4.0, 'learning_rate': 0.1, 'min_child_weight': 2.0, 'gamma': 0.75, 'subsample': 0.9, 'colsample_bytree': 0.9, 'reg_alpha': 0.0, 'reg_lambda': 1.0}",11.0,51.0,9.0,3900.0,0.9109963953540119,,
0.9723333333333334,0.7259010366665922,0.9440029254022428,0.7961487671912493,0.9462262311067771,0.9974002384478173,0.08571428571428572,0.9737201365187713,bench_logreg,,1,,,2.86,ok,CICIoT23,B,48,2.86,,,,,,,,,,,,,,,
0.995,0.9536896153395993,0.9346903949293028,0.9439762658562729,0.9988761579717211,0.9999730695817265,0.12857142857142856,0.9979522184300341,bench_random_forest,,1,,,0.57,ok,CICIoT23,B,48,0.57,,,,,,,,,,,,,,,
0.9956666666666667,0.9393162393162393,0.9698927352510971,0.9540622515386201,0.9992296440760605,0.9999817494471372,0.05714285714285714,0.9969283276450512,bench_lightgbm,,1,,,0.57,ok,CICIoT23,B,48,0.57,,,,,,,,,,,,,,,
0.9963333333333333,0.9513715010460007,0.9702340321794247,0.9605994142446251,0.9993807898586056,0.9999852681892518,0.05714285714285714,0.9976109215017065,bench_optuna_xgboost,,26,,,8.93,ok,CICIoT23,B,48,8.93,,,,,,,,"{'n_estimators': 369, 'max_depth': 4, 'learning_rate': 0.018577824996406568, 'min_child_weight': 1, 'gamma': 1.8509952534733476, 'subsample': 0.9814236902075155, 'colsample_bytree': 0.7896226700751697}",,,,,,8.41,
0.303,0.49887926621091944,0.48978547050219406,0.24775432541262887,0.7206045831301804,0.9828016940274272,0.3142857142857143,0.2938566552901024,bench_quantum_kernel_classifier,3.0,1,0.0,,2.32,ok,CICIoT23,B,48,2.32,,,,,,,,,,,,,,,"analytic (shot-free) quantum feature map, classical simulate-only deployment"
